Genus,2_4_May_B,2_6_Feb_B,2_6_May_A,3_1_Feb_A,3_1_May_A,3_2_Feb_A,3_2_May_A,3_3_Feb_A,3_3_May_A,3_4_Feb_A,3_4_May_A,3_5_Feb_A,3_5_May_A,3_6_Feb_A,3_6_May_A,4_1_Apr_B,4_2_Apr_B,4_2_Jan_A,4_3_Apr_B,4_3_Jan_A,4_4_Apr_B,4_4_Jan_A,4_5_Apr_B,4_5_Jan_A,4_6_Apr_B,4_6_Jan_A,5_1_Jan_A,5_2_Apr_A,5_2_Jan_A,5_3_Apr_A,5_3_Jan_A,5_4_Apr_A,5_4_Jan_A,5_5_Apr_B,5_5_Jan_A,5_6_Apr_B,5_6_Jan_A,6_1_May_A,8_7_May_A,8_8_May_A,9_1_Apr_A,9_1_Jan_A,9_2_Apr_A,9_2_Jan_A,9_3_Apr_A,9_3_Jan_A,6_2_May_A,6_6_Feb_A,6_6_May_B,7_1_Feb_A,7_1_May_B,7_2_Feb_B,7_2_May_A,7_3_Feb_A,7_3_May_B,7_4_Feb_B,7_4_May_B,7_5_Feb_A,7_5_May_A,7_6_May_B,8_1_Feb_A,8_2_Feb_A,8_2_May_A,8_3_Feb_A,8_3_May_A,8_4_Feb_A,8_4_May_A,8_5_Feb_B,8_5_May_A,8_6_May_A,8_7_Feb_B
Acidovorax,0,0,84,24,2,9,4,18,762,19,1,17,76,16,0,226,521,40,156,209,251,114,217,18,2,5,3,3,0,27,48,0,1,8,0,0,446,0,0,1,2,5,2,4,34,0,0,0,0,34,18,6,24,4,22,2,25,0,0,0,0,36,0,3,0,0,0,0,4,46,8
Acinetobacter,37,0,1,0,0,0,0,0,0,1,3,0,17,2,0,0,0,0,1,1,0,0,0,0,0,1,1,2,0,134,0,17,3,1039,0,0,0,0,4,0,4,1,1,0,4,0,0,0,0,0,0,0,0,8,8,0,4,0,0,0,0,18,6,0,19,0,0,0,132,15,2
Allorhizobium-Neorhizobium-Pararhizobium-Rhizobium,0,0,10,1,434,4,14,2,12,4,2,0,118,7,4,2,0,1,2,6,0,0,0,2,0,27,1,6,0,48,0,0,0,6,0,117,49,0,0,0,3,2,2,2,1,3,0,0,0,1,161,22,216,0,162,0,117,0,2,0,0,0,0,0,0,0,0,0,0,0,17
alphaI_cluster,0,18,17,5,0,5,0,2,0,4,0,0,0,8,44,122,52,28,43,8,59,9,114,14,28,27,0,0,1,0,0,0,0,0,0,0,497,0,124,0,0,1,1,0,0,4,0,17,12,0,6,0,1,7,2,0,2,183,137,0,2,0,1,0,0,0,0,0,0,0,46
Aquabacterium,0,0,2,17,0,0,0,0,0,0,0,0,0,0,0,1,0,0,27,558,25,16,0,0,0,0,26,0,20,0,1,0,0,0,0,0,4,0,0,0,1,13,1,0,2,0,0,0,0,33,9,2,2,28,10,36,18,0,0,602,0,2,0,0,0,0,0,0,0,5,0
Bacillus,0,0,161,29,0,74,0,103,7,50,0,233,10,62,1,0,0,1,0,1,0,17,0,15,0,6,0,25,0,6,1,69,0,42,7,0,3,0,6,0,0,1,0,1,0,1,3,0,1,343,185,406,125,93,115,138,56,0,0,0,4,8,10,11,6,0,2,1,118,17,86
Bdellovibrio,0,2,6,8,1,22,0,3,0,3,0,0,0,6,0,552,170,244,248,67,195,200,615,166,0,6,17,0,17,0,12,0,8,0,14,0,3,0,0,107,32,14,41,28,0,0,0,6,1,0,14,8,16,0,4,3,7,1,0,0,0,0,0,0,0,0,0,0,3,0,3
Blastomonas,0,0,4,37,40,1,205,0,0,5,190,0,3,0,0,2,23,11,10,18,3,5,1,2,0,0,2,0,5,0,1,0,8,1,18,0,114,321,0,4,7,18,12,17,0,0,303,0,0,10,0,6,5,16,2,5,11,0,0,3,2,137,106,9,18,0,0,0,441,12,0
Bosea,5,0,6,33,32,24,5,0,10,10,5,0,4,6,0,131,59,175,190,62,183,140,133,153,0,2,0,10,0,14,2,0,0,3,0,0,150,56,0,0,1,1,0,3,0,0,41,0,0,4,7,10,7,0,2,0,7,0,0,0,0,205,30,205,3,58,12,311,116,89,2
Bradyrhizobium,17,0,3,33,0,42,1,1,4,11,0,0,0,17,0,27,19,36,60,102,45,69,22,33,3,8,22,0,8,3,13,0,14,0,0,0,1,388,3,11,2,4,2,6,0,0,51,1,1,90,60,18,34,154,72,152,92,2,1,0,0,60,5,20,3,8,13,1,9,64,27
Brevundimonas,39,4,9,49,230,46,3,7,124,15,4,0,189,6,11,62,46,244,79,133,64,336,58,233,10,54,2,11,7,99,1,9,2,363,3,0,44,0,0,9,70,17,70,27,14,18,0,0,0,30,24,25,19,23,101,25,13,0,0,0,0,5,6,1,7,0,0,0,181,27,14
Candidatus_Methylopumilus,0,261,6,0,0,0,0,14,0,0,0,1,0,0,31,0,0,0,0,0,0,0,8,0,118,60,0,0,1,0,4,0,0,0,0,0,0,0,167,0,0,0,0,0,0,23,1,96,15,0,0,9,0,0,0,0,0,498,169,0,7,7,0,0,0,0,0,0,0,0,7
Candidatus_Obscuribacter,50,0,0,15,0,0,0,2,2,0,0,0,0,1,0,0,3,8,13,21,2,14,3,1,0,0,177,178,295,16,208,273,162,166,461,0,2,12,0,25,87,18,62,24,0,0,0,0,0,22,0,3,3,24,10,25,5,0,0,0,10,403,78,12,2,2,6,14,174,11,0
Candidatus_Omnitrophus,0,1,0,3,0,5,0,5,0,1,0,0,0,2,0,0,0,5,0,0,0,0,0,0,3,8,200,0,231,0,206,0,238,0,311,1,4,0,1,430,63,107,75,134,150,642,0,12,2,0,0,3,0,5,1,2,0,4,0,0,2,0,0,0,0,0,0,1,25,0,1
Candidatus_Paracaedibacter,0,2,0,43,0,11,0,7,14,12,1,0,1,18,0,200,96,57,149,66,133,102,145,86,8,2,0,0,0,0,1,0,0,0,0,0,0,0,0,5,37,27,39,25,0,0,0,5,4,11,21,0,25,3,11,6,5,1,0,0,1,0,0,0,0,0,0,0,0,0,2
Candidatus_Planktophila,0,100,42,3,0,0,0,0,0,0,0,0,0,0,467,0,0,2,7,11,1,11,0,2,543,182,1,0,1,0,5,0,0,0,1,0,0,0,548,0,0,0,0,0,0,15,0,207,339,20,4,35,1,30,9,26,12,342,337,0,17,5,0,26,0,0,0,0,0,0,120
Caulobacter,0,6,4,5,3,3,91,10,21,13,1,0,850,17,45,0,0,0,2,11,0,0,1,1,3,20,0,0,0,0,0,1,0,0,0,0,39,0,0,23,2,3,6,3,0,2,0,3,5,16,45,4,40,3,24,1,10,20,6,27,0,0,0,0,0,0,0,0,0,0,17
CL500-29_marine_group,0,222,90,0,0,0,0,139,0,2,0,5,0,1,484,0,0,0,0,3,1,1,0,1,870,252,0,1,8,0,7,0,0,0,4,2,0,0,1407,22,13,13,10,16,0,60,0,783,906,0,2,29,1,0,0,0,2,233,530,0,15,3,4,5,0,0,0,1,0,0,204
Clostridium_perfringens,0,0,21,78,0,166,0,302,15,104,0,607,28,113,1,0,0,25,0,0,0,26,0,44,2,16,0,0,0,0,0,0,0,0,0,0,0,0,1,0,0,0,0,0,0,0,0,0,0,30,6,35,9,11,3,11,13,0,0,0,51,36,2,18,0,1,0,1,0,0,24
Curvibacter,16,0,1,122,3,162,0,3,34,62,1,0,0,64,0,274,153,9,170,35,301,12,368,6,0,2,10,1,6,4,8,0,17,0,0,28,133,0,0,1,19,11,11,18,12,5,87,0,0,51,98,24,103,166,112,200,141,0,1,2077,0,2,0,0,0,0,1,0,14,0,0
Cyanobium_PCC-6307,0,33,2,0,0,3,0,29,5,6,0,14,7,17,222,0,0,0,0,2,0,0,0,0,11,4,0,0,0,0,4,0,0,0,1,0,0,0,62,0,0,0,0,0,0,71,0,601,1178,0,0,6,0,4,0,0,0,0,22,0,29,8,0,5,0,0,0,0,0,0,26
Dechloromonas,0,3,0,0,0,0,0,1,6,4,0,2,5,1,0,0,0,0,8,17,5,4,0,0,0,3,0,0,16,3,2,0,21,0,0,0,3,0,0,0,95,347,112,304,0,3,83,0,0,0,7,3,6,2,2,0,4,0,0,0,0,0,0,5,0,0,0,1,0,0,7
Desulfosporosinus,1529,0,365,7,0,23,0,60,2,16,0,122,0,7,0,0,0,2,1,5,2,2,0,0,0,1,0,0,0,0,0,0,0,0,0,0,0,0,0,0,0,0,0,0,0,0,0,0,0,26,8,41,2,29,5,10,9,0,0,0,10,25,2,34,0,0,0,1,3,0,1
Duganella,0,0,363,5,0,23,0,5,88,30,0,2,94,23,5,0,0,0,0,0,0,0,0,0,0,34,0,0,0,0,0,0,0,21,0,0,0,0,0,0,0,0,0,0,1,0,3,1,0,125,603,30,580,41,439,6,314,0,0,0,0,0,1,12,0,0,0,0,0,0,0
Flavobacterium,0,758,117,47,8,38,37,119,160,28,105,106,1072,43,484,1,0,4,4,33,12,1,3,7,325,462,1,0,3,0,1,0,0,0,3,0,2,0,5,1,0,2,1,0,0,1,0,20,4,0,59,119,46,0,42,3,28,49,115,0,3,17,0,16,0,0,0,0,0,0,100
Gallionella,0,2,0,22,0,46,0,0,29,7,0,0,0,6,0,4,88,58,197,472,180,382,0,0,1,3,70,0,0,0,250,0,0,0,0,0,1,0,0,24,1,0,3,0,1,0,6,0,0,60,10,30,28,168,42,92,74,0,0,0,0,25,0,6,0,3,7,0,0,0,0
GKS98_freshwater_group,0,15,24,1,0,2,0,5,40,3,0,3,28,0,38,320,158,6,167,14,267,37,307,4,188,80,0,0,0,0,3,0,0,0,0,0,0,0,142,0,0,0,0,0,0,15,4,89,28,0,2,0,2,0,5,0,5,412,331,0,3,0,0,7,0,0,0,3,0,0,106
Herminiimonas,0,0,107,84,4723,25,4457,0,9,11,3872,1,294,5,0,5,2,2,8,0,4,2,3,0,1,0,0,0,0,0,0,0,0,0,0,0,0,3,0,0,0,0,0,0,0,0,0,0,0,0,4,0,0,0,1,0,5,0,0,0,0,0,0,0,0,0,0,0,0,0,0
hgcI_clade,0,,55,3,0,0,0,0,0,0,0,0,0,0,638,0,0,2,0,0,0,0,0,0,720,331,0,0,4,0,10,0,0,0,0,0,0,0,692,1,0,0,0,0,0,50,3,571,753,0,3,57,0,0,0,0,0,480,551,0,9,19,1,30,0,0,0,0,0,0,212
Hydrogenophaga,0,0,3,17,454,21,0,0,19,18,57,0,661,11,0,780,404,1933,745,377,771,1282,820,2390,18,19,28,0,16,0,35,0,14,0,36,0,600,0,0,2,337,307,413,414,3,2,0,0,0,38,12,24,14,5,0,4,6,0,0,320,2,0,0,0,0,0,0,0,0,0,3
Hyphomicrobium,25,0,0,79,0,53,0,23,2,33,4,1,1,29,3,54,13,10,46,11,27,19,45,4,5,10,14,4,5,3,7,0,11,15,14,4,4,27,12,12,28,32,19,36,2,0,0,0,1,23,21,9,67,187,108,206,136,8,6,0,0,57,519,233,2973,381,1469,37,115,748,52
Legionella_pneumophila,0,1,24,30,0,20,0,5,9,33,1,3,21,20,20,8,0,0,11,56,4,1,13,0,26,18,375,3,91,0,139,0,333,0,197,3,10,0,28,20,123,78,45,83,0,1,0,118,51,21,92,49,83,22,83,23,64,7,39,0,583,17,26,9,5,1,7,2,167,34,100
Leptothrix,0,0,6,1,0,6,0,7,0,3,0,0,0,0,2,92,41,698,100,65,113,406,98,785,3,8,0,0,0,0,0,0,0,0,0,0,0,0,0,6,1,3,5,2,0,0,0,0,0,1,0,7,2,0,3,1,0,3,0,0,0,0,0,13,0,0,0,0,0,1,5
Limnohabitans,0,900,39,28,3,33,0,161,0,66,0,144,2,100,507,7,4,6,9,10,1,2,10,8,677,303,0,0,4,0,0,0,0,0,3,0,9,0,280,0,0,1,1,5,0,9,1,196,46,0,3,55,0,0,3,0,2,1139,585,0,4,1128,99,1068,1335,1871,776,0,17,70,135
Massilia,10,1,2,8,0,46,0,29,22,20,0,48,23,22,0,1,0,0,0,0,1,0,0,2,0,98,0,4,1,17,0,10,0,20,0,0,6,0,0,0,0,0,0,1,0,3,0,0,0,0,222,38,240,21,241,4,122,0,0,5,0,5,0,0,2,0,0,1,8,0,17
Methylobacterium-Methylorubrum,432,0,133,326,276,152,402,6,967,1715,1989,2,23,1542,5,0,3,18,10,204,15,26,0,0,0,5,12,8,14,0,14,9,1,20,0,0,0,23,0,2,0,19,0,23,10,0,3,0,0,31,22,16,48,75,124,182,145,0,0,0,7,0,0,0,0,0,0,0,3,5,2
Methylocystis,12,3,8,0,0,3,0,0,0,4,0,0,0,0,0,0,0,3,2,0,0,3,2,0,1,1,1708,5,1749,0,1983,0,1913,5,2016,1,19,1,7,9,10,7,17,6,2,2,0,48,8,0,0,1,3,0,0,0,0,0,3,1,6,4,5,0,0,0,1,1,2,7,9
Methylomonas,0,0,0,0,0,0,0,0,0,4,0,0,0,2,0,0,5,1,12,19,7,9,0,0,0,0,301,0,677,9,483,0,579,0,1018,1,1,0,0,3,3,2,5,3,27,7,0,0,0,1,0,0,5,5,6,0,0,0,0,560,0,3,0,0,0,0,0,0,0,0,0
Methylotenera,0,19,27,558,26,371,332,7,952,699,44,3,7,785,0,164,84,104,141,53,138,66,138,72,25,50,0,0,0,5,0,0,0,0,0,29,25,9,19,14,4,10,10,14,0,0,0,0,0,20,18,20,35,40,44,32,31,78,6,0,0,20,4,58,0,3,0,0,6,6,6
Mycobacterium_avium,318,3,0,70,0,15,2,9,3,114,6,5,4,61,21,15,72,5,58,46,72,5,0,0,7,1,200,342,123,1140,66,281,28,4,5,0,0,693,1,1,40,5,4,6,0,3,0,12,25,437,39,72,65,348,111,243,114,0,0,0,7,536,66,457,163,2070,15,3547,88,408,18
Hyphomonadaceae,24,0,4,0,0,0,0,0,0,0,0,0,0,0,0,0,0,0,0,0,0,0,0,0,0,0,5,2,10,16,2,10,6,0,4,0,0,0,0,1,0,0,1,0,0,0,1,0,0,0,0,1,0,0,0,0,0,0,0,0,0,180,4734,557,1153,132,2901,151,70,1501,6
Mitochondria,0,165,305,80,0,126,0,365,22,80,1,319,38,132,47,5,3,4,3,10,0,8,5,9,105,165,5,2100,4,474,5,2096,9,1225,9,1,5,0,156,9,1,1,6,3,0,13,0,94,46,37,144,130,73,40,80,29,45,53,971,0,49,28,5,45,0,1,0,0,0,0,152
Gemmataceae,0,10,30,43,1,42,0,102,6,32,1,101,12,45,208,5,2,21,2,12,2,22,2,12,49,53,36,1,10,0,17,2,35,9,36,0,1,0,111,15,19,34,10,26,0,14,0,753,998,4,1,18,0,5,3,3,2,18,77,0,1976,308,4,113,0,15,0,1,151,8,94
Rhodocyclaceae,0,0,5,432,210,103,14,1,56,72,383,0,35,58,0,230,190,56,208,125,228,81,257,41,0,2,147,8,39,0,105,0,22,0,1,1,373,0,0,3,27,12,6,13,222,48,0,0,0,9,12,10,12,19,20,11,18,0,0,21,0,0,0,0,0,0,0,0,0,0,0
Neisseriaceae,0,1,1,25,3,21,19,42,1486,23,36,28,1570,17,0,0,0,0,0,1,2,0,2,1,7,1,20,0,28,0,23,0,32,1,42,0,1,0,14,15,9,17,14,12,0,0,0,13,7,12,44,19,78,17,51,7,32,0,0,3,24,0,0,0,0,0,0,0,2,0,5
Oxalobacteraceae,0,19,70,3,0,18,0,21,14,15,0,29,69,18,1,111,63,320,218,153,218,510,115,251,13,39,0,0,1,0,2,0,0,0,0,0,376,0,92,0,1,0,0,0,1,0,0,4,4,252,90,32,9,7,5,3,7,1,1,0,0,0,0,0,0,0,0,1,0,0,3
Pirellulaceae,0,48,126,26,3,11,0,74,14,29,3,31,34,33,376,12,1,3,12,2,5,1,13,4,36,22,81,1,12,0,22,8,88,11,47,0,0,0,21,14,52,33,33,49,5,11,0,321,373,15,22,8,12,34,11,4,20,4,11,0,134,25,4,9,0,2,1,7,490,4,90
Gallionellaceae,0,0,0,14,0,58,0,0,2,12,0,0,0,7,0,2,42,35,164,355,90,168,0,0,0,0,73,0,44,0,76,0,179,0,0,0,2,0,0,2,0,0,1,20,1,4,332,0,0,156,32,59,38,403,65,280,106,0,0,0,0,33,0,3,0,0,9,0,1,0,0
SM2D13,0,1,0,47,0,40,0,0,0,26,5,0,0,4,2,6,6,3,4,1,7,5,11,4,7,10,0,0,0,0,1,0,2,0,0,1,1,0,0,52,99,53,82,62,0,0,0,24,21,14,34,18,32,26,43,42,15,4,4,0,0,478,113,1175,30,144,31,0,5,69,2
Obscuribacteraceae,164,0,0,20,0,1,0,0,0,6,0,0,0,1,0,2,0,1,2,14,0,3,0,2,0,0,7,81,10,8,9,105,12,43,24,0,0,0,0,0,13,7,8,6,0,0,0,0,0,117,13,80,10,85,24,21,11,1,0,0,55,823,267,317,22,3,1,2,61,134,1
Rubinisphaeraceae,0,7,6,1,0,2,0,21,1,6,0,4,4,3,56,246,122,48,355,12,276,21,345,86,8,17,0,0,0,0,4,0,2,0,7,0,0,0,38,1,26,21,33,12,0,1,0,5,3,0,7,9,2,0,0,0,0,9,259,0,24,0,0,0,0,0,0,2,1,0,19
Clade_III,0,1139,10,0,0,0,0,0,0,0,0,0,0,0,11,0,0,0,0,1,0,0,3,1,46,159,0,0,0,0,9,0,0,0,0,0,0,0,141,0,0,0,0,0,0,14,0,210,17,0,0,21,0,0,0,0,0,0,0,0,8,22,0,0,0,0,0,0,0,0,0
TRA3-21,0,4,12,255,2,24,0,34,0,16,0,2,1,10,40,22,15,40,16,17,23,14,35,12,8,12,4,0,3,0,5,0,5,0,1,0,666,2,38,67,4,9,9,5,1,4,0,20,4,8,2,17,8,23,3,27,17,209,19,0,1,0,0,2,0,1,0,0,0,7,1
Rickettsiaceae,0,2,1,10,0,12,0,6,3,14,0,38,2,7,2,0,0,0,0,2,0,1,2,0,1,3,5,548,0,184,3,441,3,303,1,0,1,0,0,7,9,6,13,8,0,0,0,3,1,13,0,12,23,3,8,0,5,0,7,0,7,0,0,0,0,0,0,0,0,0,1
Isosphaeraceae,0,3,38,0,0,0,0,2,0,0,0,11,0,2,23,2,2,0,0,0,0,1,1,1,6,56,0,0,0,0,0,12,1,4,1,0,0,0,19,0,0,0,0,0,0,1,0,41,388,38,2,42,8,19,2,7,1,1,4,0,749,47,1,24,0,0,0,0,13,3,76
env.OPS_18,0,20,4,4,0,1,0,26,0,0,0,0,0,0,52,232,86,152,167,35,104,93,229,153,6,26,0,0,10,0,0,0,1,0,2,0,0,0,7,39,9,13,19,11,0,1,0,10,3,0,1,9,3,0,0,1,1,12,13,0,0,0,0,3,0,0,0,0,0,0,10
Sphingomonadaceae,0,0,2,1,0,3,0,2,0,0,0,0,0,0,2,0,0,0,0,1,0,0,0,0,1,2,0,1,0,0,0,0,0,0,0,0,4,0,8,65,11,20,12,24,0,0,0,6,4,0,0,0,1,1,5,0,4,0,0,0,0,561,212,76,3,2,12,0,33,0,5
Diplorickettsiaceae,0,0,1,18,0,10,0,4,0,2,0,0,0,4,1,2,5,7,1,2,0,4,6,5,4,30,33,0,13,0,13,0,31,0,27,0,2,0,6,26,150,76,106,58,1,0,1,0,6,9,3,26,3,16,7,5,9,21,16,0,59,0,4,18,0,0,0,2,7,0,203
Verrucomicrobiaceae,0,5,1,0,0,0,0,2,1,5,1,0,4,2,10,0,0,0,0,0,0,0,0,0,56,80,0,0,0,0,0,0,0,0,0,0,0,0,8,0,0,1,0,0,0,0,0,0,2,0,4,15,6,0,7,0,3,15,537,0,3,2,0,0,0,0,0,2,0,0,284
Vermiphilaceae,0,2,3,5,0,0,1,9,0,1,0,0,2,1,4,0,0,0,0,0,0,0,0,0,6,10,102,0,74,0,66,0,120,0,109,1,0,0,3,8,29,10,27,30,3,3,0,4,15,11,11,18,3,3,6,9,9,3,14,0,76,1,0,12,0,0,0,1,42,0,159
Nevskia,0,0,0,0,0,0,0,0,0,0,0,0,0,0,2,0,0,0,0,0,0,0,0,0,0,0,0,0,0,3,0,0,0,0,0,0,0,875,0,0,0,0,0,0,0,0,0,0,0,0,0,0,0,0,0,0,0,0,0,0,0,78,4,187,52,1673,2,0,1,27,0
Nitrosomonas,0,2,0,54,0,26,1,1,3,69,1,0,0,91,0,6,2,92,17,107,6,69,7,90,0,5,401,0,830,0,592,0,73,0,77,0,0,0,0,2,62,55,43,79,0,0,0,0,1,3,2,10,2,332,11,763,153,0,0,0,2,0,0,0,0,0,0,0,0,0,0
Nitrospira,0,0,2,120,1,30,1,20,3,47,2,4,5,45,1,46,19,14,36,48,14,12,65,8,3,2,26,0,21,0,40,0,22,0,30,0,0,0,15,446,150,164,180,189,3,5,0,18,1,13,6,29,18,42,25,60,59,4,0,0,1,0,2,0,0,0,0,0,1,0,13
Novosphingobium,46,0,169,30,0,2,0,1,0,6,0,0,0,5,15,0,0,0,6,56,3,0,0,0,3,20,2,0,1,4,2,9,1,14,1,0,4,162,33,33,177,432,147,334,4,1,16,14,2,21,99,16,66,87,55,57,58,36,4,7,0,0,2,13,4,1,0,1,0,1,101
Paenibacillus,19,1,35,33,0,97,1,118,9,80,0,185,6,62,0,0,0,6,0,0,0,12,0,6,1,5,0,7,0,0,1,9,0,22,0,0,1,0,0,0,0,2,6,2,1,0,0,0,0,1170,434,1004,334,245,291,470,215,2,3,0,9,17,3,27,0,2,0,0,3,0,27
Pelomonas,1725,0,2,0,0,0,0,0,0,0,0,0,0,1,0,0,0,0,0,0,0,0,0,0,0,0,0,133,3,0,0,131,0,0,0,0,0,0,0,0,0,0,0,0,2,0,0,0,0,0,8,0,0,0,0,0,0,0,0,506,7,0,0,0,0,0,0,0,0,0,0
Phenylobacterium,15,3,0,9,13,10,0,8,0,6,0,0,1,11,12,1,12,0,5,38,3,3,0,0,3,1,5,0,1,8,0,0,0,0,0,0,7,1521,0,4,3,0,5,1,1,2,0,7,0,4,11,3,19,11,15,5,22,7,0,8,0,0,0,0,0,29,5,0,17,77,11
Phreatobacter,399,0,28,72,4,56,4,0,0,50,3,0,0,22,0,10,0,1,2,30,3,10,5,2,8,1,25,0,6,22,25,0,5,0,0,25,3,0,0,3,6,10,7,7,0,0,20,0,0,18,31,68,161,258,132,321,182,0,0,0,0,48,93,315,36,83,601,0,5,0,3
Polaromonas,0,206,24,4,0,4,0,5,6,5,0,3,16,10,6,85,35,38,42,20,48,40,74,22,14,123,0,0,1,0,0,0,0,3,0,0,0,0,12,2,2,1,0,1,2,1,0,4,5,27,37,25,1,8,1,306,30,129,23,0,0,8,0,21,0,0,0,0,0,0,37
Polynucleobacter,0,114,31,5,0,0,0,23,4,11,0,12,4,16,292,1,0,2,4,3,0,2,43,3,641,244,0,0,1,0,3,0,0,0,1,0,0,0,181,1,0,0,0,0,0,13,5,266,131,0,29,59,16,0,18,0,19,564,739,0,3,0,3,30,0,0,0,0,0,0,134
Porphyrobacter,0,2,0,5,2,0,0,0,2,2,0,0,0,4,0,39,11,76,47,12,75,45,33,114,0,1,20,7,25,4,12,63,21,0,25,0,75,1916,0,13,555,122,487,108,0,0,4,0,0,55,0,3,0,0,0,0,0,0,0,0,0,207,244,225,51,85,189,2500,2886,1046,0
Pseudarcicella,0,119,16,0,0,0,0,0,0,0,0,0,0,0,96,0,0,5,0,1,0,1,0,1,143,133,0,0,0,0,1,0,0,0,1,0,0,0,128,0,0,0,0,0,0,1,7,134,48,2,1,17,2,2,1,0,3,158,37,0,0,1,0,14,0,0,0,0,0,0,45
Pseudomonas,4,2,7,66,15,53,63,8,49,172,8,8,174,184,0,74,2673,65,136,426,491,32,57,55,0,47,2,0,21,171,3,24,0,224,0,5,219,2,0,3,6,9,34,2,3,0,0,0,0,49,277,70,317,29,237,74,206,0,4,783,7,4,0,8,0,0,0,0,58,0,3
Reyranella,42,0,7,230,0,59,0,6,2,8,0,2,1,7,2,18,9,14,26,61,12,18,16,11,21,3,10,0,8,0,7,1,15,0,6,1,23,112,10,4,28,80,26,90,9,5,1001,42,3,25,11,15,7,41,21,38,31,0,2,0,4,3,0,12,1,24,4,0,77,202,14
Rhodobacter,34,3,4,67,57,15,0,45,7,6,0,1,6,22,14,76,39,691,135,135,82,444,57,676,43,86,3,0,0,55,1,0,0,0,1,33,859,236,36,1,7,12,19,9,0,1,111,7,1,9,6,50,3,9,2,38,26,18,8,0,2,0,0,0,0,3,5,45,17,0,76
Rhodoferax,0,143,41,18,1,178,7,56,201,47,3,8,173,53,217,9,30,33,100,199,80,114,6,7,57,374,0,0,2,0,3,0,0,0,1,0,0,0,5,8,0,1,0,0,0,5,3,78,13,112,415,153,378,155,443,100,298,388,41,0,0,5,0,13,0,0,0,1,0,0,100
Romboutsia,0,0,22,130,0,174,0,399,10,143,0,794,13,193,0,0,0,9,0,0,0,0,0,21,3,23,0,0,0,0,0,0,0,0,0,0,0,0,5,0,0,0,0,0,0,0,0,0,0,2,4,34,3,13,1,4,3,0,1,0,54,63,0,61,0,2,0,1,0,0,108
Roseomonas,0,3,3,9,0,10,0,0,3,7,0,0,0,5,0,354,154,43,200,27,207,12,315,27,0,4,1,0,2,0,3,0,0,9,0,0,452,0,28,0,2,3,4,1,0,0,0,2,0,5,0,10,0,4,1,0,0,9,12,0,0,0,0,0,0,0,0,0,0,0,1
Rugamonas,0,0,6,3,0,8,0,13,10,4,0,16,14,7,2,0,0,0,0,0,0,0,0,3,0,44,0,0,0,0,0,0,0,0,0,0,0,0,0,0,0,0,0,0,0,0,0,0,0,18,360,20,229,11,149,3,101,0,0,0,0,0,0,0,0,0,0,0,0,0,0
Sediminibacterium,150,183,27,41,0,39,2,5,4,30,1,0,0,17,228,29,28,15,75,68,38,45,21,0,52,83,4,0,12,0,12,0,1,0,1,3,38,0,196,5,64,28,56,26,1,4,95,418,83,85,12,23,14,102,24,62,29,202,135,0,2,4,1,23,0,0,0,0,19,295,27
Sideroxydans,0,1,0,30,0,66,0,0,191,12,0,0,0,4,0,9,58,108,195,358,165,220,0,2,0,1,365,0,197,9,414,0,404,0,0,1,0,0,0,12,60,90,56,145,63,129,3,0,0,403,77,95,70,566,92,453,165,1,0,0,0,32,0,0,0,6,26,0,0,0,0
SM1A02,0,0,0,31,0,16,2,3,1,20,2,0,0,14,0,2,0,2,1,0,0,1,6,0,1,0,5,0,4,0,1,3,1,1,7,0,0,0,0,4,32,26,30,19,0,0,0,1,1,30,41,21,83,75,69,107,182,0,1,0,0,47,13,66,3,20,14,272,25,31,1
Sphingobium,0,0,0,3,0,0,0,0,0,0,0,0,0,1,0,0,0,0,2,4,0,0,0,0,0,6,0,0,0,0,0,0,0,11,0,0,0,0,2,1,263,317,236,317,0,0,10,0,0,23,5,3,0,0,1,1,4,1,0,0,0,0,0,18,0,0,0,0,50,86,5
Sphingomonas,328,1,695,634,266,216,507,0,528,331,158,2,32,284,5,0,6,5,12,44,10,16,2,0,1,75,47,29,89,6,17,8,63,133,86,0,4,102,0,3,129,78,134,82,4,0,7,0,0,128,194,92,502,511,726,498,1291,1,0,0,1,50,16,299,12,46,56,36,103,5,50
Sphingopyxis,9,0,0,82,152,5,724,0,13,1,34,0,21,0,0,0,115,6,12,77,25,3,0,3,0,0,14,0,0,0,9,0,0,0,0,4,12,3,0,0,40,74,21,72,0,0,0,0,0,0,1,3,0,10,4,5,8,0,0,25,0,0,0,181,1,0,1,0,0,1080,3
Sphingorhabdus,20,41,14,8,1,0,0,1,0,0,0,0,1,0,13,59,27,150,92,45,53,211,51,220,73,32,0,0,0,0,0,0,0,0,0,0,1,0,69,2,0,0,0,0,1,1,0,6,4,0,0,8,0,0,0,2,2,8,4,0,0,14,47,37,1076,270,758,0,5,0,15
Sulfuricella,0,0,0,9,0,5,0,1,38,7,0,0,0,12,0,2,9,17,113,187,59,71,0,0,0,1,1,0,0,0,1,0,1,0,0,0,0,0,0,0,0,8,1,9,2,73,4260,0,0,98,16,26,38,124,40,75,41,0,0,0,0,12,0,22,1,2,7,0,0,0,0
Sulfuricurvum,0,2,0,1,0,2,0,0,0,0,0,0,0,0,0,0,10,5,75,44,5,33,0,1,0,26,1,0,10,89,13,0,8,0,6,482,0,0,0,0,349,697,430,773,4242,1912,0,0,0,0,0,5,1,0,0,0,0,0,0,1347,3,0,0,0,0,0,0,0,0,0,0
Tabrizicola,0,4,3,11,6,18,0,0,3,1,0,0,0,0,0,153,46,269,97,41,65,154,84,218,10,12,0,0,0,0,0,0,0,0,0,17,5,0,4,0,2,0,4,0,0,0,0,2,1,19,0,1,1,2,0,6,1,0,0,0,0,0,0,0,0,1,0,0,0,0,13
Thiobacillus,0,2,0,0,0,0,0,1,0,0,0,0,0,0,0,0,0,0,4,3,2,2,0,0,0,1,49,0,144,0,60,3,72,1,59,0,0,0,0,1,283,47,228,73,2,4,0,0,0,0,0,4,0,2,1,0,0,0,0,0,0,0,0,0,0,0,0,0,0,0,0
Thiothrix,0,0,0,0,0,0,0,0,0,0,0,0,0,0,0,0,0,0,0,0,0,0,0,0,0,0,37,0,431,3337,7,0,61,0,37,5912,3,0,0,0,118,128,228,147,102,26,0,0,0,0,0,0,0,0,0,0,0,0,0,0,0,0,0,5,0,0,0,2,0,0,95
Undibacterium,0,2,261,221,1,1292,16,12,124,477,1,8,61,498,14,5,1,9,16,15,32,20,2,2,0,1,0,0,0,0,0,0,0,0,0,0,0,0,0,2,0,0,0,0,0,0,0,1,3,83,786,27,777,53,613,37,420,0,0,9,4,0,0,0,0,0,0,0,0,0,1
