SAMPLE ID,Sampling Date,Round,SAMPLE TYPE,TCM,BDCM,DBCM,TBM,DCIM,BCIM,DBIM,CDIM,BDIM,TIM,CP,"1,1-DCP","1,1,1-TCP",CAN,TCAN,DCAN,BAN,BCAN,IAN,DBAN,TCNM,DCAM,BCAM,TCAM,DBAM,MCAA,MBAA,DCAA,BCAA,TCAA,DBAA,BDCAA,CDBAA,TBAA,IAA,CIAA
2-1FEB24,2/27/2024,1,DWDS,4.5394,4.3805,1.8173,1.1113,1.3196,2.8042,0.0689,ND,0.0352,0.0107,0.1575,0.178,0.7342,0.0328,0.0112,0.5875,0.0209,0.2667,0.0095,1.0706,0.0108,0.1834,0.1561,0.0574,0.0642,1.8843,0.4374,9.265,0.7018,5.8702,3.1323,2.0737,1.2084,0.3906,0.0982,1.1258
2-2FEB24,2/27/2024,1,DWDS,3.7527,3.7556,1.6301,0.002,1.449,2.6163,ND,ND,ND,0.0148,0.1585,0.3057,0.583,0.0259,0.0092,0.5149,0.0328,0.2455,0.0074,1.1332,0.0084,0.1599,0.1675,0.0462,0.0758,1.7714,0.5345,12.0098,0.7963,7.1714,3.7091,2.2499,0.6622,0.5727,0.0831,2.7969
2-3FEB24,2/27/2024,1,DWDS,3.5499,3.4872,1.5426,ND,1.3476,2.335,ND,ND,ND,0.0112,0.2674,0.3113,0.4788,0.0198,0.0093,0.4369,0.019,0.2109,0.008,0.8167,0.0083,0.1655,0.1366,0.0381,0.0586,1.0667,0.577,13.3782,0.8832,7.8297,4.281,3.4759,0.7498,0.5839,0.5283,3.233
2-4FEB24,2/27/2024,1,DWDS,3.7737,3.8411,1.5869,ND,1.4121,2.2759,ND,ND,0.0657,0.0062,0.1971,0.2698,0.5318,0.0206,0.01,0.4772,0.0189,0.2108,0.0091,0.7729,0.009,0.1532,0.1629,0.0417,0.0913,1.3071,0.3574,7.1837,0.6747,5.0262,2.7711,1.8139,0.7326,0.3479,0.423,2.2674
2-5FEB24,2/27/2024,1,POE,3.4449,3.5148,1.4576,0.3032,1.1972,2.2514,ND,ND,0.0564,0.0104,0.2364,0.1852,0.4656,0.0186,0.0104,0.4216,0.0285,0.1932,0.0067,0.9497,0.0073,0.1582,0.1321,0.0402,0.0576,1.1869,0.342,5.6121,0.5574,3.8549,2.182,1.5954,0.754,0.3009,0.411,0.5131
2-6FEB24,2/27/2024,1,S,,,,,,,,,,,,,,,,,,,,,,,,,,,,,,,,,,,,
3-1FEB24,2/28/2024,1,DWDS,NA,NA,NA,NA,NA,NA,NA,NA,NA,NA,NA,NA,NA,NA,NA,NA,NA,NA,NA,NA,NA,NA,NA,NA,NA,NA,NA,NA,NA,NA,NA,NA,NA,NA,NA,NA
3-2FEB24,2/28/2024,1,DWDS,4.5352,1.5892,0.4506,0.8927,1.6032,0.152,0.1027,0.0581,0.0643,0.0398,0.787,0.7953,0.0839,0.0784,0.0252,0.2022,0.0504,0.069,0.0577,0.3207,0.0374,0.8118,0.1935,0.063,0.0725,6.5804,0.2022,16.8054,ND,1.4428,1.5822,0.3697,0.4335,0.376,0.2918,0.0911
3-3FEB24,2/28/2024,1,DWDS,4.4573,1.6068,0.4477,0.9369,1.7191,0.4296,0.0459,0.025,0.0274,0.0169,0.702,0.7973,0.283,0.0367,0.0076,0.2305,0.0361,0.0559,0.0348,0.4532,0.0212,0.107,0.1303,0.032,0.0416,9.7337,0.1668,16.7189,ND,1.2246,1.6306,0.3684,0.5175,0.4921,0.1711,0.1193
3-4FEB24,2/28/2024,1,DWDS,NA,NA,NA,NA,NA,NA,NA,NA,NA,NA,NA,NA,NA,NA,NA,NA,NA,NA,NA,NA,NA,NA,NA,NA,NA,NA,NA,NA,NA,NA,NA,NA,NA,NA,NA,NA
3-5FEB24,2/28/2024,1,POE,3.2947,1.4793,0.3783,ND,1.112,1.0783,0.0884,ND,0.016,ND,0.5344,0.547,0.5991,0.0224,0.0058,0.1953,0.0213,0.0483,0.018,0.1043,0.0263,ND,0.0769,0.0169,0.0266,5.4552,0.1349,9.1474,ND,1.1742,1.2813,0.3736,0.4581,0.3089,ND,0.0984
3-6FEB24,2/28/2024,1,S,,,,,,,,,,,,,,,,,,,,,,,,,,,,,,,,,,,,
4-1JAN24,1/31/2024,1,DWDS,1.4219,0.5393,0.3339,ND,0.1444,0.9498,0.0768,0.0494,0.2498,0.0887,1.6661,0.5573,0.0842,0.1242,0.0204,0.1304,0.055,0.0861,0.8966,0.2899,0.0297,1.2475,0.3735,0.0644,0.2248,9.5836,0.1429,7.4757,0.3828,0.3993,0.9908,0.1747,0.1047,0.4447,ND,0.4219
4-2JAN24,1/31/2024,1,DWDS,1.0126,0.5111,0.3019,ND,0.192,0.9391,0.0515,0.0257,0.0385,0.0369,0.6471,0.4927,0.0821,0.0386,0.0098,0.089,0.0411,0.0662,0.4866,0.2607,0.0203,0.2625,0.1667,0.0078,0.0623,1.5705,0.4313,10.321,0.6933,0.2489,2.0064,0.2004,0.1319,0.6211,ND,0.7282
4-3JAN24,1/31/2024,1,DWDS,NA,NA,NA,NA,NA,NA,NA,NA,NA,NA,NA,NA,NA,NA,NA,NA,NA,NA,NA,NA,NA,NA,NA,NA,NA,13.362,0.2463,17.6491,0.491,0.2966,1.5995,0.2717,0.1365,0.6982,ND,0.423
4-4JAN24,1/31/2024,1,DWDS,1.1591,0.5549,0.391,1.4609,0.2058,0.104,0.0715,0.0179,0.0747,0.1477,1.372,0.5329,0.0413,0.0887,0.0116,0.114,0.0549,0.0727,1.2392,0.3024,0.0227,0.7952,0.3671,0.0072,0.0306,2.0778,0.3393,9.3864,0.6472,0.288,1.9404,0.2412,0.0932,0.6632,0.1414,0.7902
4-5JAN24,1/31/2024,1,POE,0.9404,0.4959,0.0439,ND,0.1449,1.303,0.0499,0.0162,0.0249,0.0164,0.5338,0.4502,0.0943,0.0314,0.0086,0.0792,0.0394,0.0606,0.4028,0.2463,0.0162,0.3003,0.1818,0.0084,0.0598,0.7804,0.2493,6.8423,0.5022,0.3199,1.4491,0.2804,0.1563,0.597,NQ,0.431
4-6JAN24,1/31/2024,1,S,,,,,,,,,,,,,,,,,,,,,,,,,,,,,,,,,,,,
5-1JAN24,1/24/2024,1,DWDS,16.4789,9.0379,3.3203,0.4169,0.2684,0.4947,0.0841,0.0543,1.0509,0.0518,0.0294,0.1754,0.0502,0.0172,0.0345,0.5152,0.0686,0.4706,0.0405,1.4411,0.0634,3.8683,ND,0.8587,NQ,2.35,0.4454,18.1982,0.9186,4.4465,3.9141,0.5988,0.429,0.3262,0.0359,0.101
5-2JAN24,1/24/2024,1,DWDS,17.7276,9.8034,3.9021,0.4518,ND,0.3439,0.3329,ND,0.7237,ND,ND,0.1675,0.0138,ND,ND,0.6215,0.0347,0.5607,ND,1.7299,0.0199,3.1689,ND,0.3094,NQ,NA,NA,NA,NA,NA,NA,NA,NA,NA,NA,NA
5-3JAN24,1/24/2024,1,DWDS,21.3519,10.1412,3.4604,0.3815,0.2729,0.476,ND,ND,0.9083,ND,0.064,0.1248,0.0342,ND,0.008,0.3267,0.0291,0.3002,ND,1.1112,0.0559,4.5255,ND,0.5846,NQ,3.1487,0.289,18.8014,0.8139,4.896,3.7054,0.6158,0.3682,0.2895,0.2051,0.087
5-4JAN24,1/24/2024,1,DWDS,16.8477,9.2038,3.6503,0.4282,0.2168,0.1427,0.3467,ND,0.6176,ND,0.0516,0.1179,0.0097,ND,ND,0.6532,0.0265,0.379,ND,1.9756,0.0188,2.6976,ND,0.2772,NQ,3.8764,0.3401,16.3688,0.9126,3.8215,3.6974,0.6292,0.3965,0.3124,ND,0.1915
5-5JAN24,1/24/2024,1,POE,23.0858,12.118,4.6096,0.543,0.2768,0.1289,0.3081,ND,0.6786,ND,0.0317,0.1529,0.0153,ND,ND,0.8494,0.0306,0.8291,ND,2.2891,0.0193,2.463,ND,0.5172,NQ,2.973,0.4388,16.8619,0.9987,4.2752,4.0746,0.6829,0.4518,0.3066,0.4038,0.1055
5-6JAN24,1/24/2024,1,S,,,,,,,,,,,,,,,,,,,,,,,,,,,,,,,,,,,,
6-1FEB24,2/26/2024,1,DWDS,27.1632,5.5322,1.1483,ND,0.9349,0.4604,0.0515,0.0765,0.0219,0.235,0.2195,0.108,0.1196,0.0662,0.0147,0.2499,0.029,0.1481,0.0315,0.7104,0.5599,2.0451,0.3165,0.1521,0.3923,1.6201,0.2496,18.1622,0.1497,15.0258,2.897,1.2871,0.265,0.8328,0.2199,0.65
6-2FEB24,2/26/2024,1,DWDS,5.1517,1.8002,0.5036,1.8168,1.4417,2.3295,0.0717,0.0181,0.0114,0.0224,0.5748,1.971,1.5811,0.0664,0.0129,0.4823,0.0177,0.173,0.0675,0.732,0.1296,0.4321,0.1378,0.0658,0.079,1.1103,0.2225,7.2872,ND,3.5994,1.5566,0.9743,0.258,0.5784,ND,0.5778
6-3FEB24,2/26/2024,1,DWDS,2.9654,1.2605,0.4136,ND,0.6636,2.1172,0.0514,ND,ND,ND,0.126,0.1198,1.0934,0.0384,0.0104,0.332,0.0153,0.1477,0.0332,0.5796,0.0705,NQ,0.106,0.0435,0.042,1.7706,0.1698,10.8732,ND,3.2876,1.2464,0.9312,0.3442,0.8714,0.1881,1.0142
6-4FEB24,2/26/2024,1,DWDS,3.3871,1.3383,0.4149,ND,0.6204,2.2064,ND,ND,0.0189,ND,0.1766,0.1948,1.2112,0.0431,0.0099,0.3535,0.0119,0.1434,0.0171,0.561,0.0763,4.6868,0.0876,0.046,0.0465,1.8558,0.1949,10.5348,ND,3.9465,1.5345,0.8698,0.2288,0.6964,0.4544,0.6362
6-5FEB24,2/26/2024,1,POE,1.317,0.6204,0.251,ND,0.622,1.4604,0.0309,ND,0.0108,0.0114,0.1891,0.1857,0.5105,0.0192,0.0094,0.1779,0.0143,0.0889,0.021,0.4542,0.0264,0.1894,0.0937,0.019,0.0369,0.7732,0.1436,3.1036,ND,1.2909,0.8748,0.4203,0.1832,0.4463,0.2549,0.5127
6-6FEB24,2/26/2024,1,S,,,,,,,,,,,,,,,,,,,,,,,,,,,,,,,,,,,,
7-1FEB24,2/26/2024,1,DWDS,15.9648,0.673,0.0198,ND,1.425,0.1195,0.057,ND,0.0115,0.0079,0.1675,0.2337,0.2414,0.0129,0.0073,0.3062,0.0411,0.0074,ND,0.0272,0.054,0.1351,0.052,0.1503,0.034,3.9182,ND,25.1171,0.1236,16.3686,0.4706,0.3182,0.3027,0.3819,0.2529,0.1428
7-2FEB24,2/26/2024,1,DWDS,16.406,0.6562,0.0153,ND,1.1937,0.1076,0.0439,ND,0.0061,0.0069,0.2163,0.2507,0.2249,0.0119,0.006,0.3154,0.04,0.0065,ND,ND,0.0582,0.1083,0.0422,0.1561,0.0248,1.8356,0.2288,23.4527,0.1316,15.4552,0.4326,0.3186,0.3484,0.369,ND,0.1305
7-3FEB24,2/26/2024,1,DWDS,16.0424,0.6936,0.0192,0.0075,1.0968,0.0909,0.052,0.0091,0.0157,0.007,0.1756,0.2352,0.3596,0.0113,0.0066,0.3238,0.0477,0.0073,ND,ND,0.0552,0.1246,0.0422,0.1506,0.0328,3.1253,0.2558,21.1169,0.2215,14.8653,0.4342,0.3282,0.3959,0.3513,0.2199,0.1409
7-4FEB24,2/26/2024,1,DWDS,15.0732,0.6739,0.0233,ND,NQ,0.1214,0.0602,ND,ND,0.0063,0.2063,0.2336,0.3347,0.027,0.0072,0.3233,0.0787,0.0068,ND,ND,0.0575,ND,0.0452,0.1448,0.0287,7.6956,0.1775,29.8814,0.2136,19.5625,0.5949,0.4528,0.4907,0.3899,1.4526,0.2416
7-5FEB24,2/26/2024,1,S,,,,,,,,,,,,,,,,,,,,,,,,,,,,,,,,,,,,
7-6FEB24,2/26/2024,1,POE,0.0303,0.0061,0.0056,ND,0.9464,0.0362,ND,0.0196,ND,0.0114,0.0508,0.0097,0.0124,0.0121,0.0071,0.0042,0.0228,0.007,ND,ND,0.0062,0.0737,0.0408,0.0113,0.0399,2.0969,ND,0.3476,0.1032,0.171,ND,0.097,0.5243,0.222,0.2827,0.2125
8-1FEB24,2/21/2024,1,POE,2.0391,2.3408,1.3456,ND,0.7753,2.6188,0.0335,0.0263,0.0277,0.0341,0.1968,0.1301,0.2846,0.0155,0.0076,0.1476,0.0244,0.1397,0.0192,0.8327,0.0128,0.0827,0.1492,0.017,0.0722,0.8964,0.2095,4.1999,0.9175,1.0562,2.2962,0.4151,0.4827,0.3175,0.141,0.1359
8-2FEB24,2/21/2024,1,DWDS,6.8769,5.5139,2.4919,ND,0.7921,2.8702,0.0567,0.0267,0.0261,0.015,0.3878,0.0611,0.5314,0.0672,0.0084,0.3955,0.0327,0.2978,0.0572,1.5494,0.0281,0.1886,0.2172,0.0535,0.0749,0.9035,0.1952,7.1555,0.9589,2.3445,2.8706,0.547,0.4709,0.2745,ND,0.1036
8-3FEB24,2/21/2024,1,DWDS,12.3163,7.6915,3.7311,0.1743,NQ,1.6267,0.0308,0.021,0.0313,0.0125,0.6358,0.1498,0.409,0.0585,0.0069,0.3821,0.0222,0.2716,0.0093,1.4735,0.0349,0.1488,0.5243,0.0712,0.1036,1.3505,0.0287,12.45,1.8105,4.7649,4.5666,0.9473,0.6481,0.4663,0.5406,0.1527
8-4FEB24,2/21/2024,1,DWDS,15.4891,8.936,3.4712,0.127,0.6783,1.5338,0.0962,0.0218,0.0369,0.0091,0.8872,0.1755,0.4056,0.0921,0.0105,0.5376,0.0342,0.3485,0.0817,1.4856,0.054,0.1921,0.3849,0.0926,0.0829,2.7361,0.2228,11.4584,0.9891,4.5509,3.558,0.7109,0.5277,0.3572,ND,0.095
8-5FEB24,2/21/2024,1,POE,0.7305,1.0349,3.3044,4.5032,0.5221,0.8319,0.052,0.0157,0.0125,0.0138,0.2168,0.1008,0.0301,0.0076,0.0038,0.0283,0.0116,0.1683,ND,7.5973,0.0037,0.0898,0.1493,ND,0.2541,0.5447,0.4061,1.0136,2.9211,0.2116,1.1366,0.2563,0.2611,0.5467,0.048,0.091
8-6FEB24,2/21/2024,1,DWDS,1.1052,3.0674,10.2404,16.6992,0.5381,0.567,0.0551,0.039,0.0288,0.0043,0.3127,0.1236,0.0299,0.007,0.003,0.0112,0.2382,0.1492,ND,10.4299,0.0041,0.1136,0.6478,0.0187,1.2881,2.0233,0.59,2.59,6.026,0.3711,2.3259,0.3274,0.627,0.8331,0.1752,0.0825
8-7FEB24,2/21/2024,1,S,,,,,,,,,,,,,,,,,,,,,,,,,,,,,,,,,,,,
8-8FEB24,2/21/2024,1,S,,,,,,,,,,,,,,,,,,,,,,,,,,,,,,,,,,,,
9-1JAN24,,1,DWDS,17.282,3.2091,0.445,ND,0.2194,0.0934,0.0356,0.0254,0.0284,0.013,0.9982,0.2489,0.0234,0.0905,0.0153,0.1613,0.0349,0.0812,0.6583,0.1271,0.0277,4.9638,0.7505,0.0406,0.0883,1.3578,0.1475,25.0674,0.289,2.5398,2.7692,0.3188,0.1235,0.6513,0.0487,0.3786
9-2JAN24,,1,POE,NA,NA,NA,NA,NA,NA,NA,NA,NA,NA,NA,NA,NA,NA,NA,NA,NA,NA,NA,NA,NA,NA,NA,NA,NA,0.8514,0.124,19.5081,0.3072,2.6016,2.3276,0.2985,0.101,0.5697,ND,0.3386
9-3JAN24,,1,S,,,,,,,,,,,,,,,,,,,,,,,,,,,,,,,,,,,,
,,,,,,,,,,,,,,,,,,,,,,,,,,,,,,,,,,,,,,,
,,,,,,,,,,,,,,,,,,,,,,,,,,,,,,,,,,,,,,,
2-1MAY24,5/29/2024,2,DWDS,27.7928,18.2622,6.1382,8.7192,0.2825,9.1353,ND,ND,0.0195,0.2399,0.2749,0.1486,2.6198,0.3032,0.034,2.8659,0.3476,0.8668,0.0693,1.2343,0.0539,2.3489,0.5331,0.439,0.439,1.54,0.7191,16.7804,0.901,14.9872,5.8465,3.8858,0.4464,0.1137,0.0953,ND
2-2MAY24,5/29/2024,2,DWDS,19.933,13.615,4.3385,8.1223,0.1611,7.1938,ND,ND,0.0194,1.2677,0.359,0.216,1.8164,0.2717,0.0298,2.1558,0.3421,0.6649,0.0451,0.962,0.0373,2.0593,0.3821,0.3274,0.3274,1.9698,0.7308,15.9765,0.7992,14.3808,5.6707,4.4466,0.5305,0.1216,0.0995,ND
2-3MAY24,5/29/2024,2,DWDS,17.0988,12.5228,4.1076,7.5277,0.219,6.6505,ND,ND,0.0185,0.1808,0.3481,0.1983,1.6115,0.1872,0.0223,1.8442,0.3414,0.5667,0.0337,1.0641,0.0285,1.6029,0.3481,0.2611,0.2611,1.3023,0.6945,13.6224,0.6745,10.932,5.1302,3.0246,0.3387,0.1092,0.0971,ND
2-4MAY24,5/29/2024,2,DWDS,9.3724,6.3656,2.0456,16.8141,0.2405,4.3248,ND,ND,0.0071,0.1061,0.1568,0.0772,0.8496,0.1816,0.0129,0.9405,0.2685,0.308,0.0188,0.5418,0.0191,1.4784,0.3037,0.1374,0.1374,1.4565,0.6657,14.2138,0.6577,11.8531,5.1639,2.5592,0.2385,0.0777,0.1011,ND
2-5MAY24,5/29/2024,2,POE,18.8573,11.0929,3.7225,10.1823,0.2428,6.386,ND,ND,0.0229,0.1404,0.5907,0.3103,1.2974,0.1737,0.0087,1.4444,0.3807,0.2101,0.0229,0.5644,0.0199,1.6762,0.3699,0.1752,0.1752,1.0318,0.4777,10.5241,0.406,7.6672,4.0663,0.3529,0.0188,0.0822,0.0865,ND
2-6MAY24,5/29/2024,2,S,,,,,,,,,,,,,,,,,,,,,,,,,,,,,,,,,,,,
2-8MAY24,5/29/2024,2,,,,,,,,,,,,,,,,,,,,,,,,,,,,,,,,,,,,,
3-1MAY24,5/29/2024,2,DWDS,16.3037,5.1945,1.0437,14.6642,1.0325,0.0732,ND,ND,0.0336,0.0195,1.2893,0.5999,0.0101,0.0444,0.0084,0.1185,0.4627,0.0344,0.0048,0.0451,0.055,5.0195,0.334,0.0508,0.1107,10.0807,0.2446,28.7672,ND,3.3214,2.1051,0.5345,0.108,0.1336,0.1757,ND
3-2MAY24,5/29/2024,2,DWDS,15.4562,4.8196,0.969,15.1466,0.9869,ND,ND,ND,0.0297,ND,1.1651,0.397,0.0076,0.0461,0.0063,0.0836,0.5177,0.022,ND,0.0345,0.0467,6.4673,0.3067,0.0406,0.1198,6.8585,0.2541,29.6077,ND,3.4757,2.0949,0.8681,0.1178,0.1582,0.14,ND
3-3MAY24,5/29/2024,2,DWDS,17.609,5.7118,1.1304,18.6768,1.2383,0.126,ND,ND,0.0357,0.0196,1.459,1.07,0.0253,0.0455,0.0073,0.2695,0.5786,0.062,ND,0.0605,0.0927,4.1236,0.3926,0.0711,0.1251,NA,NA,NA,NA,NA,NA,NA,NA,NA,NA,NA
3-4MAY24,5/29/2024,2,DWDS,14.5053,4.284,0.8543,13.9964,0.9788,ND,ND,ND,0.026,ND,0.9567,0.278,0.007,0.0427,0.0053,0.062,0.3059,0.0145,ND,0.025,0.0391,5.3264,0.228,0.0343,0.1003,10.1781,0.2283,35.852,ND,3.5504,2.2874,0.7064,0.0869,0.1779,0.143,ND
3-5MAY24,5/29/2024,2,POE,13.8189,4.6262,0.9224,6.2144,0.6689,0.2302,ND,ND,0.0176,0.0221,1.0748,1.1683,0.349,0.0487,0.0076,0.5329,0.4477,0.0948,ND,0.0751,0.1387,1.1343,0.2271,0.0667,0.0754,10.8687,0.661,32.7648,ND,4.6521,3.0791,0.6827,0.1844,0.4202,0.6845,0.5067
3-6MAY24,5/29/2024,2,S,,,,,,,,,,,,,,,,,,,,,,,,,,,,,,,,,,,,
3-8MAY24,5/29/2024,2,,,,,,,,,,,,,,,,,,,,,,,,,,,,,,,,,,,,,
4-1MAY24,5/1/2024,2,DWDS,3.1673,1.4782,0.9587,4.3715,7.3,0.4351,0.0936,ND,0.0779,0.0516,2.0686,0.7172,0.0379,0.0311,0.0072,0.3015,0.1109,0.1663,0.0258,0.6699,0.1272,0.399,0.3169,ND,ND,8.1202,0.3447,14.6541,0.2384,NQ,1.683,0.0803,0.0795,0.1395,1.087,ND
4-2MAY24,5/1/2024,2,DWDS,3.0834,1.3453,0.8903,2.6927,3.8608,0.2552,ND,ND,0.0498,ND,0.4757,0.3874,0.022,0.0228,0.0071,0.1215,0.1503,0.7477,ND,0.303,0.0567,0.2541,ND,ND,ND,9.3656,0.3284,12.9462,0.2136,NQ,1.5383,0.193,0.0836,0.1391,0.3658,ND
4-3MAY24,5/1/2024,2,DWDS,2.5895,1.0401,0.7156,ND,2.775,0.3416,ND,ND,0.0594,ND,0.984,0.7438,0.0075,0.0221,0.0079,0.1697,0.0296,0.0653,0.0193,0.3511,0.1064,0.5832,0.0947,ND,ND,8.4845,0.3309,13.7826,0.267,NQ,1.8065,0.0711,0.052,ND,0.2935,ND
4-4MAY24,5/1/2024,2,DWDS,2.5786,1.0195,0.6683,ND,4.0634,0.7665,0.122,ND,0.0473,ND,1.0213,0.2949,0.0098,0.0165,0.0061,0.0953,0.0888,0.0457,0.0156,0.2307,0.0655,0.4234,ND,ND,ND,6.4183,0.3246,13.1738,0.2304,NQ,1.8953,0.0783,ND,ND,0.3165,ND
4-5MAY24,5/1/2024,2,POE,3.2814,1.4541,0.9265,1.3441,8.8385,0.8098,0.1099,ND,0.0324,0.0081,0.5238,0.4365,0.0591,0.0199,0.0062,0.1538,0.1169,0.0919,0.0179,0.3097,0.0583,0.2847,ND,ND,ND,6.5575,0.246,15.3072,0.2097,NQ,1.7141,0.0881,ND,ND,ND,ND
4-6MAY24,5/1/2024,2,S,,,,,,,,,,,,,,,,,,,,,,,,,,,,,,,,,,,,
4-8MAY24,5/1/2024,2,,,,,,,,,,,,,,,,,,,,,,,,,,,,,,,,,,,,,
5-1APR24,4/15/2024,2,DWDS,29.8838,23.9285,14.1933,1.331,0.7625,0.4383,0.1047,0.0383,0.06,0.0685,0.1523,0.0815,0.0434,0.0435,0.0297,0.2717,0.057,0.4388,0.014,2.8949,0.0335,0.2139,3.9978,0.1741,1.3776,3.202,0.7579,21.9985,3.0451,11.012,11.9529,2.943,0.9523,0.6664,0.1249,ND
5-2APR24,4/15/2024,2,DWDS,22.7932,19.1117,11.5697,1.7059,1,0.6141,0.1064,0.0278,0.0877,0.054,0.1627,0.0839,0.0802,0.0462,0.0186,0.4377,0.0518,0.6788,ND,3.512,0.0214,0.1999,3.4353,0.1597,1.2577,2.3772,0.7251,20.2953,2.5492,10.7573,10.7252,3.1025,0.4199,0.6847,0.316,ND
5-3APR24,4/15/2024,2,DWDS,44.9679,28.074,15.0206,2.6515,0.6762,0.3021,0.0942,ND,0.0874,0.0686,0.1416,0.0841,0.0371,0.0495,0.012,0.2146,0.0534,0.1974,ND,1.4482,0.0306,0.2682,4.6282,0.245,1.5904,3.075,0.8318,30.9537,3.8562,14.9411,14.2376,4.0036,1.8189,0.9135,0.6636,ND
5-4APR24,4/15/2024,2,DWDS,33.055,27.737,15.8712,2.1143,0.8775,0.7787,0.0921,0.0314,0.0757,0.0578,0.1412,0.0803,0.0705,0.0448,0.0101,0.5005,0.0524,0.7711,ND,4.0893,0.0178,0.268,3.2084,0.1504,1.0797,2.2189,0.7599,19.5273,2.718,10.5789,11.0477,3.0824,0.3928,0.7657,0.3664,ND
5-5APR24,4/15/2024,2,POE,28.4919,24.7209,14.2677,0.6551,0.7907,1.2733,0.0965,0.0328,0.0869,0.0539,0.1023,0.0628,0.1122,0.0447,0.0128,0.6291,0.0481,0.914,ND,3.9674,0.0195,0.3164,2.5532,0.1318,0.7774,1.716,0.6973,17.0018,2.1423,9.3948,9.5758,2.9917,0.336,0.921,0.1135,ND
5-6APR24,4/15/2024,2,S,,,,,,,,,,,,,,,,,,,,,,,,,,,,,,,,,,,,
5-8APR24,4/15/2024,2,,,,,,,,,,,,,,,,,,,,,,,,,,,,,,,,,,,,,
6-1APR24,4/24/2024,2,DWDS,66.129,9.0204,1.4995,ND,2.5852,0.6469,ND,ND,0.0618,0.0605,0.382,0.1194,0.04,0.07,0.0154,0.0702,0.0188,0.0187,0.0177,0.1326,0.7728,0.1823,0.9297,0.2936,ND,1.2434,0.363,23.7047,0.1524,NQ,3.2544,0.1843,ND,0.1249,0.2421,ND
6-2APR24,4/24/2024,2,DWDS,13.296,3.6954,0.9635,ND,3.0959,2.7507,ND,ND,0.0653,0.0322,0.2244,0.1197,1.5633,0.108,0.0121,0.6361,0.0255,0.1803,0.0176,0.2371,0.3664,0.1636,ND,0.1189,0.0708,1.1515,0.2833,9.6088,0.1581,NQ,1.8679,0.1541,ND,0.1362,ND,ND
6-3APR24,4/24/2024,2,DWDS,9.0799,3.0353,0.8673,ND,2.5432,3.6366,ND,ND,0.07,0.0291,0.1446,0.1039,1.9223,0.1031,0.0104,0.579,0.0386,0.1812,0.0152,0.2231,0.2587,ND,0.2312,0.0776,0.1359,1.8279,0.2241,8.9107,0.1153,NQ,1.7582,0.0868,ND,0.123,ND,ND
6-4APR24,4/24/2024,2,DWDS,10.1924,3.3631,0.9445,ND,2.3225,3.5571,ND,ND,0.0241,0.0301,0.1433,0.1088,2.0677,0.1077,0.01,0.6191,0.0181,0.1925,0.0191,0.2235,0.286,ND,ND,0.0767,0.1118,1.407,0.2353,9.2257,0.1373,NQ,1.8452,0.0814,ND,0.1162,0.3714,ND
6-5APR24,4/24/2024,2,POE,6.3428,2.6968,0.9393,0.2624,3.6632,0.8102,0.1093,ND,0.0115,0.0094,0.0178,0.1204,1.4218,0.0845,0.0112,0.3969,0.0273,0.1613,0.0186,0.2166,0.1509,ND,0.2323,ND,ND,1.8597,0.2536,6.4935,0.1425,NQ,1.5754,0.0944,ND,0.1235,0.2567,ND
6-6APR24,4/24/2024,2,S,,,,,,,,,,,,,,,,,,,,,,,,,,,,,,,,,,,,
6-8APR24,4/24/2024,2,,,,,,,,,,,,,,,,,,,,,,,,,,,,,,,,,,,,,
7-1MAY24,5/20/2024,2,DWDS,28.4388,1.0363,0.0328,4.6775,0.304,0.1492,0.0449,ND,0.0169,0.0149,0.2114,0.4173,0.2933,0.0175,0.0731,0.7376,0.24,0.0082,0.006,0.083,0.0764,1.6064,ND,0.4108,ND,3.07,0.0741,19.3189,4.533,NQ,0.3705,0.1842,ND,0.2252,ND,ND
7-2MAY24,5/20/2024,2,DWDS,25.9844,1.0044,0.035,5.2096,0.3253,ND,0.0833,ND,0.021,0.0132,0.2363,0.4235,0.1496,0.0177,0.0122,0.6548,0.2455,0.0059,0.0098,0.0679,0.0649,1.8135,ND,0.259,ND,2.9719,0.0647,20.2194,4.4651,NQ,0.3854,0.264,ND,0.0746,ND,ND
7-3MAY24,5/20/2024,2,DWDS,26.0324,1,0.0295,4.4563,0.2877,ND,ND,ND,0.023,0.0133,0.2315,0.4377,0.2864,0.0174,0.0115,0.7704,0.2506,0.0057,0.0096,0.9064,0.0713,1.7042,ND,0.2788,ND,3.0912,0.0643,20.0088,4.4517,NQ,0.3481,0.1121,ND,0.0482,0.0137,ND
7-4MAY24,5/20/2024,2,DWDS,27.2564,0.9964,0.0343,5.182,0.3442,ND,ND,ND,0.0173,0.0107,0.2178,0.4173,0.2358,0.0192,0.0127,0.7469,0.2641,0.0072,0.0076,0.069,0.0671,1.0708,ND,0.2702,0.0485,3.4166,0.0924,18.5034,4.8629,NQ,0.3161,0.2269,ND,0.0819,0.0301,0.1436
7-5MAY24,5/20/2024,2,S,,,,,,,,,,,,,,,,,,,,,,,,,,,,,,,,,,,,
7-6MAY24,5/20/2024,2,POE,24.4057,0.9559,0.0314,5.2199,0.2707,ND,ND,ND,0.025,0.0155,0.178,0.379,0.8808,0.0148,0.0134,0.7586,0.244,0.0065,0.013,0.0756,0.0895,1.1083,ND,0.2118,0.0756,3.0077,0.0822,16.5876,4.5991,NQ,0.3567,0.0576,ND,0.0559,ND,ND
7-8MAY24,5/20/2024,2,,,,,,,,,,,,,,,,,,,,,,,,,,,,,,,,,,,,,
8-1MAY24,5/29/2024,2,POE,3.2409,5.774,6.9433,7.993,0.9408,2.6979,0.1724,ND,0.0582,0.0781,0.0701,0.0343,0.0885,0.0242,0.0111,0.1547,0.5209,0.3367,ND,2.6128,0.0071,2.5493,0.1862,0.0194,0.3605,1.5717,0.5136,3.4455,3.7599,0.72,4.0436,0.6831,0.3959,0.4694,0.232,0.1659
8-2MAY24,5/29/2024,2,DWDS,8.0101,11.2762,11.6609,14.696,0.969,0.9022,0.1008,0.0492,0.0482,0.0102,0.0925,0.0311,0.0473,0.0312,0.006,0.1954,0.4674,0.4518,0.0276,3.6179,0.0119,0.765,0.6665,0.0467,0.746,1.1538,0.5627,6.0544,5.2671,1.2922,6.0948,0.7921,0.3709,0.4644,0.1207,ND
8-3MAY24,5/29/2024,2,DWDS,17.1652,13.4067,10.6532,11.8215,0.9602,0.5412,0.0974,0.046,0.0051,0.0215,0.092,0.021,0.0484,0.0261,0.0084,0.1369,0.4675,0.2343,0.0251,1.9813,0.0331,1.0445,0.8406,0.1035,0.8711,1.8784,0.5736,10.2873,5.8146,3.6653,8.0545,1.5729,0.7046,0.5353,0.2275,ND
8-4MAY24,5/29/2024,2,DWDS,20.3931,15.8265,12.5813,14.9744,0.9063,0.582,0.1218,0.0629,0.0507,0.0172,0.1418,0.0235,0.0289,0.0352,0.0072,0.1151,0.4682,0.1573,0.0255,1.3948,0.0447,1.9591,1.5143,0.1417,1.2198,1.7268,0.4326,7.7825,3.4001,3.6351,5.732,1.7382,0.8662,0.9309,0.117,ND
8-5MAY24,5/29/2024,2,POE,0.0517,1.9962,4.3163,11.0862,0.7222,1.682,0.091,0.0404,0.0223,ND,0.0441,0.0174,0.0266,0.0071,0.0032,0.0662,0.5523,0.2379,ND,4.2888,0.0046,0.4333,0.1023,ND,0.2625,1.2185,0.4553,1.4979,3.7516,0.1954,2.218,0.0819,ND,0.1768,0.099,ND
8-6MAY24,5/29/2024,2,DWDS,5.77,10.7873,20.9376,NQ,0.9197,0.5785,0.1747,0.0831,0.1066,0.0064,0.202,0.116,0.0357,0.0121,0.0058,0.0739,0.4747,0.11,0.0144,3.4797,0.0125,0.9072,1.5531,0.022,4.5934,1.9696,1.101,4.5225,11.1465,0.8838,5.8887,0.6621,0.6722,1.8826,0.1222,ND
8-7MAY24,5/29/2024,2,S,,,,,,,,,,,,,,,,,,,,,,,,,,,,,,,,,,,,
8-8MAY24,5/29/2024,2,S,,,,,,,,,,,,,,,,,,,,,,,,,,,,,,,,,,,,
8-10MAY24,5/29/2024,2,,,,,,,,,,,,,,,,,,,,,,,,,,,,,,,,,,,,,
9-1APR24,,2,DWDS,19.9507,3.5963,0.4945,1.5533,1.0076,0.2208,0.1253,0.0403,0.0554,0.0299,0.3385,0.1371,0.0227,0.0415,0.0132,0.1923,0.0672,0.0872,0.0241,0.1118,0.0528,ND,0.4264,0.0417,ND,3.7423,0.1948,21.4483,0.3847,2.8082,2.8392,0.2874,0.4928,0.0835,0.631,ND
9-2APR24,,2,POE,17.7957,3.1541,0.4286,ND,0.7835,0.1972,ND,0.046,0.0595,0.0294,0.3234,0.1986,0.039,0.0284,0.016,0.6139,0.0613,0.1625,3.8955,0.1256,0.0554,ND,0.278,0.0324,ND,3.8247,0.1644,18.5963,0.3207,2.6462,2.3779,0.146,0.4477,0.0799,0.9206,ND
9-3APR24,,2,S,,,,,,,,,,,,,,,,,,,,,,,,,,,,,,,,,,,,
9-5APR24,,2,,,,,,,,,,,,,,,,,,,,,,,,,,,,,,,,,,,,,
,,,,,,,,,,,,,,,,,,,,,,,,,,,,,,,,,,,,,,,
,,,,,,,,,,,,,,,,,,,,,,,,,,,,,,,,,,,,,,,
2-1AUG24,8/27/2024,3,DWDS,15.591,9.5514,3.7513,8.1722,0.2996,6.5199,0.1129,0.0279,0.0326,0.0081,0.183,0.0798,1.0429,0.0711,0.0136,1.4037,0.0541,0.3712,0.0447,0.6157,0.0538,0.8998,0.4459,0.1511,0.2321,1.1351,0.8018,8.8644,1.0692,7.0718,3.27,2.6973,0.5838,0.464,0.0738,ND
2-2AUG24,8/27/2024,3,DWDS,12.7782,8.4024,3.507,11.7759,0.3454,6.4974,0.094,ND,0.0334,0.0104,0.1232,0.0801,0.9297,0.0657,0.0159,1.3684,0.0416,0.3934,0.0362,0.6582,0.0356,0.8203,0.3266,0.1267,0.0892,1.2282,1.0808,12.1808,1.5281,6.93,4.7852,2.6978,0.5704,0.4279,0.0797,ND
2-3AUG24,8/27/2024,3,DWDS,12.8597,8.5877,3.5931,9.9864,0.3478,5.5596,0.0857,ND,0.0216,0.0069,0.1389,0.0572,0.7942,0.0562,0.014,1.1599,0.0454,0.3575,0.0355,0.6177,0.053,0.7441,0.2821,0.1267,0.0908,1.3664,1.0499,11.5124,1.4583,6.3963,4.6298,2.546,0.6008,0.527,0.0903,ND
2-4AUG24,8/27/2024,3,DWDS,11.937,8.0662,3.3401,7.077,0.3097,6.1031,0.1042,ND,0.0149,0.0063,0.1077,0.0599,0.7841,0.0555,0.0127,1.1731,0.0397,0.318,0.034,0.5736,0.0286,0.7361,0.3592,0.1215,0.0898,ND,ND,ND,ND,ND,ND,ND,ND,ND,ND,ND
2-5AUG24,8/27/2024,3,POE,11.5255,7.9105,3.3645,5.3169,0.2968,5.7453,0.107,ND,0.0208,0.0076,0.1393,0.0623,0.7516,0.0546,0.0124,1.1216,0.0454,0.3188,0.0319,0.6161,0.0459,0.7421,0.3604,0.1349,0.1293,2.0011,0.9895,17.2941,1.5255,7.35,4.8203,2.3046,0.4266,0.538,0.1284,ND
2-6AUG24,8/27/2024,3,S,,,,,,,,,,,,,,,,,,,,,,,,,,,,,,,,,,,,
2-8AUG24,8/27/2024,3,,,,,,,,,,,,,,,,,,,,,,,,,,,,,,,,,,,,,
3-1 Round 3,,3,DWDS,7.8049,2.4938,0.5342,8.1467,0.2245,0.0604,0.1096,ND,ND,ND,0.5482,0.2132,0.0065,0.0153,0.0034,0.0471,0.0589,0.0086,0.0058,0.0163,0.051,2.5191,0.2459,0.0234,0.1123,NA,NA,NA,NA,NA,NA,NA,NA,NA,NA,NA
3-2 Round 3,,3,DWDS,NA,NA,NA,NA,NA,NA,NA,NA,NA,NA,NA,NA,NA,NA,NA,NA,NA,NA,NA,NA,NA,NA,NA,NA,NA,NA,NA,NA,NA,NA,NA,NA,NA,NA,NA,NA
3-3 Round 3,,3,DWDS,8.3256,2.4108,0.5445,6.1699,0.7173,0.1016,0.0836,0.0161,0.0125,0.0057,0.9982,0.7754,0.019,0.0128,0.0046,0.1931,0.0431,0.0357,0.0038,0.0349,0.0631,1.1015,0.1986,0.0215,0.1613,NA,NA,NA,NA,NA,NA,NA,NA,NA,NA,NA
3-4 Round 3,,3,DWDS,9.9689,2.3898,0.5046,3.4187,0.3047,0.07,ND,ND,ND,ND,0.4398,0.1992,0.0054,0.0146,0.0068,0.0395,0.0588,0.0068,ND,0.0117,0.0647,2.221,0.2881,0.013,0.0572,NA,NA,NA,NA,NA,NA,NA,NA,NA,NA,NA
3-5 Round 3,,3,POE,NA,NA,NA,NA,NA,NA,NA,NA,NA,NA,NA,NA,NA,NA,NA,NA,NA,NA,NA,NA,NA,NA,NA,NA,NA,NA,NA,NA,NA,NA,NA,NA,NA,NA,NA,NA
3-6 Round 3,,3,S,,,,,,,,,,,,,,,,,,,,,,,,,,,,,,,,,,,,
3-8 Round 3,,3,,,,,,,,,,,,,,,,,,,,,,,,,,,,,,,,,,,,,
4-1AUG24,8/20/2024,3,DWDS,5.6587,1.6759,0.6714,8.5822,0.2884,0.077,0.0885,ND,ND,ND,0.3835,0.2067,0.0057,0.0095,0.0089,0.0888,0.0239,0.0323,ND,0.0525,0.0497,0.9148,0.3622,ND,0.0814,11.9721,0.5474,28.6157,ND,0.7998,2.5906,0.4197,0.2034,0.3932,0.1386,ND
4-2AUG24,8/20/2024,3,DWDS,6.6314,1.8836,0.7358,10.5673,0.3083,0.0751,0.0965,ND,ND,ND,0.3731,0.1608,0.0045,0.0105,0.0077,0.0649,0.03,0.0277,ND,0.0448,0.0563,1.2634,0.4349,ND,0.0507,15.264,0.606,27.5228,ND,0.9123,2.9568,0.5414,0.1988,0.3661,0.1398,ND
4-3AUG24,8/20/2024,3,DWDS,5.2022,1.3249,0.5156,8.6902,0.2689,ND,0.081,ND,ND,ND,0.2457,0.075,ND,0.0113,0.0073,0.0297,0.0412,0.0133,ND,0.0111,0.0447,1.6627,0.3388,ND,0.0811,5.1114,0.7378,19.6568,ND,1.0526,2.8365,0.267,0.2314,0.4339,0.1437,ND
4-4AUG24,8/20/2024,3,DWDS,6.5805,1.5211,0.5994,8.4044,0.4628,0.0917,0.1321,ND,0.0779,ND,0.2799,0.1124,0.0208,0.014,0.0098,0.0555,0.0731,0.017,ND,0.0111,0.0616,1.3972,ND,ND,0.1101,NA,NA,NA,NA,NA,NA,NA,NA,NA,NA,NA
4-5AUG24,8/20/2024,3,POE,5.2114,1.5045,0.592,8.2456,0.3103,0.1263,0.0916,ND,0.0363,ND,0.444,0.3499,0.0169,0.008,0.0075,0.1519,0.021,0.0434,ND,0.0599,0.0537,0.9069,ND,ND,0.0634,5.8328,0.8304,16.3991,ND,1.0332,2.3824,0.273,0.2155,0.4804,0.1683,ND
4-6AUG24,8/20/2024,3,S,,,,,,,,,,,,,,,,,,,,,,,,,,,,,,,,,,,,
4-8AUG24,8/20/2024,3,,,,,,,,,,,,,,,,,,,,,,,,,,,,,,,,,,,,,
5-1JUL24,7/30/2024,3,DWDS,6.15,3.8955,1.9386,ND,0.124,0.1224,ND,0.0136,0.0361,0.0068,0.1844,0.1248,0.005,0.0078,0.0026,0.3025,0.1007,0.1855,ND,0.7355,0.0148,0.1106,0.9265,0.0252,ND,0.5176,0.236,10.5917,1.2926,3.2378,3.7946,0.9277,0.3469,0.3366,0.0844,ND
5-2JUL24,7/30/2024,3,DWDS,6.5386,4.0676,1.9385,0.2927,0.1223,0.1084,ND,ND,0.0222,0.0899,0.183,0.1106,0.0049,0.0069,0.0026,0.2944,0.1067,0.1763,ND,0.7226,0.0143,0.0864,0.8076,0.0238,ND,0.3967,0.2567,10.7157,1.3171,3.291,3.805,0.9098,0.332,0.3438,0.0855,ND
5-3JUL24,7/30/2024,3,DWDS,7.4553,4.7598,2.2132,ND,0.1108,0.1915,ND,ND,0.019,0.0087,0.1661,0.1116,0.0171,0.0058,0.0021,0.4051,0.0579,0.2588,ND,0.9095,0.0084,0.1525,0.6192,0.0219,ND,0.3757,0.2544,8.2363,1.0932,2.6468,2.9887,0.5808,0.2933,0.1253,0.0752,ND
5-4JUL24,7/30/2024,3,DWDS,4.8704,3.129,1.5863,ND,0.0897,0.1253,ND,0.0144,0.0195,0.0095,0.181,0.105,0.0045,0.0067,0.0282,0.3189,0.0738,0.2005,ND,0.7555,0.0087,0.1066,0.7419,0.0237,ND,3.191,0.2259,12.3094,1.3197,3.2879,3.8042,0.7843,0.3144,0.2687,0.1105,ND
5-5JUL24,7/30/2024,3,POE,8.9052,5.5286,2.507,ND,0.0695,0.2638,0.0382,0.0074,0.035,0.0093,0.1535,0.1147,0.0227,0.0057,0.0023,0.427,0.0559,0.2501,ND,0.9612,0.0112,0.1209,0.6813,0.0293,ND,0.2661,0.2026,8.7292,1.156,2.9294,3.2243,0.7967,0.3215,0.3056,0.0775,ND
5-6JUL24,7/30/2024,3,S,,,,,,,,,,,,,,,,,,,,,,,,,,,,,,,,,,,,
5-8JUL24,7/30/2024,3,,,,,,,,,,,,,,,,,,,,,,,,,,,,,,,,,,,,,
6-1 Round 3,7/23/2024,3,DWDS,73.8321,8.8071,1.3278,1.6618,0.0791,0.1016,ND,ND,0.0407,0.0292,0.1182,0.0724,0.0145,0.028,0.0185,0.0569,0.2631,0.0035,0.0093,0.013,1.5009,2.9028,0.6561,0.3911,0.0471,2.559,0.327,27.183,0.822,16.0016,3.9449,2.4827,0.421,0.1741,0.0842,ND
6-2 Round 3,7/23/2024,3,DWDS,18.6575,4.5074,1.106,0.6693,0.0921,0.3567,ND,ND,0.0308,0.021,0.1468,0.1121,0.1997,0.0313,0.0139,0.468,0.2554,0.1168,0.0084,0.1625,0.5564,0.6183,0.2735,0.103,0.0558,3.2382,0.2538,14.49,0.874,5.4927,2.3569,1.0277,0.3571,0.265,0.0949,ND
6-3 Round 3,7/23/2024,3,DWDS,15.3755,4.2461,1.0681,0.8798,0.1105,0.6616,ND,ND,0.0271,0.0187,0.1304,0.0876,0.488,0.0346,0.0146,0.5442,0.2528,0.1345,0.0079,0.2072,0.579,0.7044,0.2274,0.0861,0.0332,1.2764,0.2346,10.7768,0.8275,4.5925,2.0847,1.1366,0.3124,0.1203,0.0725,ND
6-4 Round 3,7/23/2024,3,DWDS,17.6969,4.5407,1.1279,1.1353,0.1219,0.4823,ND,ND,0.0363,0.0218,0.1711,0.1407,0.3578,0.0342,0.0142,0.5222,0.2716,0.1308,0.0072,0.1997,0.5848,0.6507,0.2556,0.1024,0.03,1.0296,0.2761,12.4188,0.8067,5.2589,2.1877,0.9835,0.2749,0.1048,0.2896,ND
6-5 Round 3,7/23/2024,3,POE,3.8942,1.5872,0.5127,1.8354,0.1703,2.497,ND,ND,0.031,0.0108,0.1316,0.1412,1.0549,0.0211,0.0131,0.4775,0.2448,0.0996,0.0079,0.1191,0.216,0.5708,0.1117,0.0614,0.034,1.3493,0.2301,16.3158,0.6789,5.1402,1.394,1.1187,0.2907,0.2976,0.2002,ND
6-6 Round 3,7/23/2024,3,S,,,,,,,,,,,,,,,,,,,,,,,,,,,,,,,,,,,,
6-8 Round 3,7/23/2024,3,,,,,,,,,,,,,,,,,,,,,,,,,,,,,,,,,,,,,
7-1JUL24,7/29/2024,3,DWDS,26.3256,0.8933,0.0141,0.4745,0.524,0.075,0.0395,ND,ND,0.0064,0.217,0.3605,0.0241,0.0069,0.0174,0.5344,0.0709,0.0056,ND,0.0466,0.1108,0.9052,ND,0.191,ND,4.2802,0.1005,35.2652,0.3438,19.9716,0.545,0.4146,0.1964,0.1706,0.0973,0.296
7-2JUL24,29-Jul,3,DWDS,25.996,0.9186,0.0153,0.6107,0.0921,0.0578,0.0366,ND,ND,0.0071,0.1701,0.3033,0.0797,0.0084,0.0072,0.5538,0.0862,0.0055,ND,0.0553,0.0836,0.698,ND,0.19,ND,5.4088,0.0563,29.127,0.338,18.5207,0.4714,0.6603,0.1929,0.106,0.4275,0.1258
7-3JUL24,7/29/2024,3,DWDS,26.7201,0.9261,0.019,0.7185,0.0784,0.0508,0.0576,0.0149,0.0075,0.0102,0.1829,0.3087,0.0342,0.007,0.0076,0.5283,0.1019,0.0059,ND,0.0513,0.0902,0.7384,ND,0.206,ND,2.4704,0.0851,25.2433,0.3361,18.4974,0.4812,0.3564,0.167,0.1337,0.9157,ND
7-4JUL24,7/29/2024,3,DWDS,26.1344,0.9035,0.0164,0.7796,0.0766,0.0591,0.0378,ND,ND,0.0093,0.193,0.3025,0.032,0.0086,0.0079,0.5163,0.1209,0.0052,ND,0.0512,0.0923,0.5218,ND,0.1734,ND,4.4706,0.0627,25.8877,0.3324,18.2496,0.4419,0.5183,0.196,0.1304,2.0171,0.2826
7-5JUL24,7/29/2024,3,S,,,,,,,,,,,,,,,,,,,,,,,,,,,,,,,,,,,,
7-6JUL24,7/29/2024,3,POE,24.5934,0.9357,0.0159,0.4569,0.1001,0.0643,0.037,ND,ND,0.0093,0.1898,0.2965,0.2617,0.0074,0.007,0.616,0.0901,0.0072,ND,0.0497,0.0886,0.589,ND,0.2001,ND,4.3083,0.0905,29.9449,0.3384,19.5016,0.5134,0.3847,0.1978,0.1514,0.0654,0.0926
7-8JUL24,7/29/2024,3,,,,,,,,,,,,,,,,,,,,,,,,,,,,,,,,,,,,,
8-1AUG24,8/27/2024,3,POE,0.529,1.7747,5.1815,12.0471,0.1965,2.0474,0.0507,0.0186,0.0272,ND,0.0282,0.0096,0.0253,0.004,0.0036,0.0389,0.0125,0.0645,ND,1.9275,ND,0.1815,ND,ND,0.0568,ND,0.4486,0.8175,3.268,0.1686,1.6004,0.129,0.1497,0.3872,0.1108,ND
8-2AUG24,8/27/2024,3,DWDS,1.081,3.4476,9.0463,14.9258,0.1759,0.8643,0.0591,0.0245,0.0434,0.0098,0.085,0.0121,0.0176,0.0028,0.0028,0.0384,0.0382,0.0436,ND,2.5815,ND,0.1087,0.1883,0.0072,0.39,ND,0.6343,1.3837,5.4463,0.3487,2.6282,0.4243,0.5053,1.8053,0.1392,1.3807
8-3AUG24,8/27/2024,3,DWDS,3.8261,9.5595,18.9172,24.0656,0.2541,0.7067,0.0566,ND,0.087,ND,0.049,0.004,0.0181,0.0037,0.0003,0.0341,0.0743,0.0705,ND,1.4324,ND,0.1837,0.6752,0.0096,1.6468,ND,0.8452,2.6768,8.0362,0.4187,4.486,0.4091,0.4626,1.4365,0.0613,0.1229
8-4AUG24,8/27/2024,3,DWDS,3.0409,8.3883,18.519,12.6591,0.123,0.5849,0.1363,0.0441,0.0709,ND,0.0412,0.0214,0.0842,0.0028,0.003,0.0301,0.0715,0.0614,ND,1.3462,ND,0.3202,0.9633,0.0088,1.8138,ND,0.8338,2.4089,7.7031,0.3804,4.2552,0.2535,0.2582,0.5933,0.084,ND
8-5AUG24,8/27/2024,3,POE,1.0124,1.7684,4.6252,14.3557,0.2209,3.4944,0.0572,ND,0.0147,ND,0.0607,0.0668,0.0436,0.0026,0.0033,0.0869,0.0143,0.1304,ND,3.6255,ND,0.2441,0.1645,ND,0.2028,ND,0.4654,0.907,3.717,0.143,1.6614,0.2362,0.2986,1.1833,0.053,ND
8-6AUG24,8/27/2024,3,DWDS,2.736,8.5428,19.476,25.5671,0.2053,0.1958,0.0904,0.0208,0.0685,0.0097,0.0904,0.0093,0.0166,0.0028,0.0031,0.0145,0.0906,0.0401,ND,1.0577,ND,0.1588,1.5008,0.0074,3.4054,ND,1.2352,2.5216,10.4892,0.3355,4.8889,0.3999,0.5695,2.7713,0.0699,ND
8-7AUG24,8/27/2024,3,S,,,,,,,,,,,,,,,,,,,,,,,,,,,,,,,,,,,,
8-8AUG24,8/27/2024,3,S,,,,,,,,,,,,,,,,,,,,,,,,,,,,,,,,,,,,
8-10AUG24,8/27/2024,3,,,,,,,,,,,,,,,,,,,,,,,,,,,,,,,,,,,,,
9-1JUL24,,3,DWDS,199.6702,53.9892,12.6828,3.6878,0.085,1.9503,0.0355,0.1132,0.5201,0.7105,0.5522,0.3342,0.1168,0.0518,0.0189,0.8462,0.2029,0.3347,0.0344,1.1286,0.0929,15.8916,8.801,1.2197,1.2024,4.5333,0.7765,72.5971,3.6936,35.0779,20.04,7.6557,1.2875,0.5048,0.1985,ND
9-2JUL24,,3,POE,126.8517,40.5469,9.9375,4.6377,0.0992,1.3057,ND,0.1131,0.2815,0.5747,0.4736,0.4074,0.3744,0.0471,0.0209,2.9715,0.2087,1.0245,0.0329,1.9979,0.053,7.6842,4.5706,0.6966,0.7397,3.6661,0.7228,58.8492,3.3528,30.0698,17.1408,7.2829,1.2842,0.6499,0.1289,1.0876
9-3JUL24,,3,S,,,,,,,,,,,,,,,,,,,,,,,,,,,,,,,,,,,,
9-5JUL24,,3,,,,,,,,,,,,,,,,,,,,,,,,,,,,,,,,,,,,,
,,,,,,,,,,,,,,,,,,,,,,,,,,,,,,,,,,,,,,,
,,,,,,,,,,,,,,,,,,,,,,,,,,,,,,,,,,,,,,,
2-1NOV24,11/21/2024,4,DWDS,6.2857,5.0923,2.4975,10.923,0.0142,5.5247,0.0692,ND,0.0325,0.0041,0.1248,0.0502,0.5789,0.0309,0.0121,0.7674,0.0296,0.1137,0.0162,0.3937,0.0109,0.3125,ND,0.104,0.069,ND,0.5659,6.2191,0.8602,4.7305,2.5549,1.771,0.2843,0.0368,0.0516,ND
2-2NOV24,11/21/2024,4,DWDS,4.867,4.2241,2.1509,10.0081,0.0096,5.0212,0.0467,ND,0.0295,0.0032,0.0884,0.0492,0.4197,0.0248,0.0109,0.6371,0.0273,0.098,0.0106,0.3252,0.0094,0.3194,ND,0.0835,0.0447,ND,0.5909,5.678,0.8721,3.8342,2.4988,1.5849,0.2666,0.0385,0.0463,ND
2-3NOV24,11/21/2024,4,DWDS,4.6628,4.138,1.9076,11.1959,0.0112,4.4471,0.0335,ND,0.027,0.0039,0.0561,0.0551,0.3868,0.0182,0.0108,0.6358,0.0253,0.0898,0.0065,0.2803,0.0085,0.2738,ND,0.0726,0.0337,ND,0.5171,5.2739,0.7797,4.024,2.3521,1.5906,0.2458,0.035,0.0484,ND
2-4NOV24,11/21/2024,4,DWDS,5.0716,4.4419,2.0701,9.1566,0.0111,4.3121,0.0593,ND,0.0297,0.0035,0.1589,0.0608,0.4395,0.0378,0.0149,0.6838,0.0136,0.0886,0.0111,0.2645,0.0094,0.3368,ND,0.0766,0.0711,ND,0.5343,5.4867,0.7727,4.0083,2.3456,1.2819,0.1961,0.0279,0.0489,ND
2-5NOV24,11/21/2024,4,POE,5.1019,4.531,2.0517,10.4062,0.0083,4.2958,0.0883,ND,0.0278,0.0036,0.178,0.058,0.45,0.0393,0.0134,0.7125,0.0287,0.1018,0.011,0.3057,0.0082,0.3678,ND,0.0863,0.0545,ND,0.2794,5.4657,0.7647,4.2404,2.382,1.7346,0.2602,0.0386,0.0504,ND
2-6NOV24,11/21/2024,4,S,,,,,,,,,,,,,,,,,,,,,,,,,,,,,,,,,,,,
2-8NOV24,11/21/2024,4,,,,,,,,,,,,,,,,,,,,,,,,,,,,,,,,,,,,,
3-1DEC24,12/5/2024,4,DWDS,4.1097,1.3952,0.5232,0.6103,0.0547,0.0697,0.0683,0.0223,0.0198,0.0065,0.5486,0.3607,0.0245,0.0045,0.0196,0.0757,0.0378,0.0081,0.0074,0.0217,0.0672,0.1944,0.0804,0.0048,0.0747,0.4987,0.1848,9.9556,0.2215,0.7266,0.9313,0.1648,0.0508,0.0504,0.0839,ND
3-2DEC24,12/5/2024,4,DWDS,4.5472,1.5341,0.5672,2.6812,0.0427,0.0743,ND,ND,0.0212,0.0771,0.6947,0.4258,0.0234,0.0044,0.0095,0.0768,0.0164,0.0108,0.0053,0.0277,0.0895,0.0554,ND,0.0044,0.1953,0.4287,0.2007,9.4309,0.1776,0.7151,0.8987,0.1271,0.0298,0.0472,0.061,ND
3-3DEC24,12/5/2024,4,DWDS,4.4074,1.5961,0.6155,1.2139,0.0422,0.1677,0.0606,ND,ND,0.0031,0.6252,0.8731,0.1087,0.0063,0.0098,0.2404,0.0138,0.0261,0.0064,0.046,0.1141,0.1275,ND,0.0054,0.0581,0.3372,0.1519,7.2679,0.1932,0.6798,0.889,0.1271,0.0271,0.0371,0.0494,ND
3-4DEC24,12/5/2024,4,DWDS,4.2996,1.4406,0.5349,3.714,0.045,0.0848,ND,ND,ND,0.0171,0.6271,0.2866,0.03,0.0043,0.0095,0.0514,0.0158,0.0079,0.0051,0.0165,0.0853,0.0588,ND,ND,0.0402,0.6114,0.2075,11.0497,0.2722,0.7849,1.0442,0.1503,0.0649,0.0446,0.0623,1.1848
3-5DEC24,12/5/2024,4,POE,3.1999,1.3832,0.5108,ND,0.0433,1.6395,0.0313,0.0157,ND,0.0052,0.4096,0.6702,0.3112,0.0058,0.013,0.2339,0.0165,0.0225,0.0057,0.0491,0.0771,0.2442,ND,0.0054,0.0092,0.3786,0.1618,5.223,0.2108,0.6416,0.8626,0.1044,0.0275,0.0304,0.0546,ND
3-6DEC24,12/5/2024,4,S,,,,,,,,,,,,,,,,,,,,,,,,,,,,,,,,,,,,
3-8DEC24,12/5/2024,4,,,,,,,,,,,,,,,,,,,,,,,,,,,,,,,,,,,,,
4-1NOV24,11/20/2024,4,DWDS,1.5595,0.6902,0.4426,5.4505,0.0926,0.8407,ND,ND,ND,ND,0.2783,0.2514,0.056,0.0123,0.0191,0.0986,0.0699,0.0194,0.0071,0.0936,0.0306,0.3044,ND,0.0146,0.045,3.349,0.3538,6.1076,2.0729,0.2333,1.142,0.0609,0.0293,0.0705,0.104,0.1512
4-2NOV24,11/20/2024,4,DWDS,2.0246,0.7764,0.453,5.8083,0.0955,0.7552,0.045,ND,ND,ND,0.4553,0.307,0.0197,0.0151,0.0164,0.1038,0.0881,0.0159,0.0176,0.1421,0.0696,0.1514,ND,ND,ND,0.9837,0.2998,5.8778,2.0049,0.2359,1.2172,0.0684,0.0265,0.0203,0.0749,0.0735
4-3NOV24,11/20/2024,4,DWDS,1.9145,0.7149,0.453,3.3554,0.0722,ND,ND,ND,ND,ND,0.3391,0.0973,0.0065,0.0039,0.0099,0.0325,0.1565,0.0092,ND,0.0399,0.0701,0.1478,ND,ND,ND,6.6398,0.2601,10.3342,2.0717,0.2564,1.6204,0.086,0.0348,0.0305,0.113,0.0688
4-4NOV24,11/20/2024,4,DWDS,1.9575,0.8037,0.4852,4.0262,0.0921,0.0613,ND,ND,ND,ND,0.521,0.2785,0.014,0.0121,0.0152,0.0915,0.0956,0.016,0.0042,0.0825,0.0595,0.1529,ND,ND,ND,5.2823,0.3342,8.4131,2.024,0.2461,1.3061,0.0685,0.0295,0.0525,0.1048,0.0692
4-5NOV24,11/20/2024,4,POE,1.7065,0.8025,0.484,9.3988,0.1406,2.0555,0.0723,ND,ND,ND,0.4279,0.2758,0.109,0.0355,0.039,0.1217,0.0633,0.0244,0.0175,0.13,0.0354,0.4043,ND,ND,ND,5.5633,0.3935,7.7299,2.0415,0.2776,1.1789,0.0186,0.0197,0.0709,0.0761,0.0789
4-6NOV24,11/20/2024,4,S,,,,,,,,,,,,,,,,,,,,,,,,,,,,,,,,,,,,
4-8NOV24,11/20/2024,4,,,,,,,,,,,,,,,,,,,,,,,,,,,,,,,,,,,,,
5-1OCT24,10/22/2024,4,DWDS,9.0897,5.549,2.737,2.7846,0.0698,0.0847,0.1696,ND,0.0308,0.0111,0.1988,0.1202,0.0072,0.0045,0.0037,0.2395,0.0437,0.1085,ND,0.7172,0.0183,0.2814,ND,0.0223,ND,0.5744,0.3054,12.2608,1.5457,4.3296,4.5856,1.0288,0.1781,0.0555,0.0814,0.088
5-2OCT24,10/22/2024,4,DWDS,11.0283,6.3534,2.8548,0.3525,0.0942,0.0567,ND,ND,ND,0.0129,0.223,0.1517,0.0094,0.0041,0.0031,0.441,0.0371,0.1494,ND,0.7435,0.0212,0.3224,ND,0.0234,ND,0.4855,0.258,12.5589,1.4301,4.7961,4.3941,1.1578,0.2238,0.052,0.0704,0.0809
5-3OCT24,10/22/2024,4,DWDS,21.5036,11.8827,5.4141,ND,0.0739,0.1151,ND,ND,0.1136,0.0158,0.2367,0.1145,0.0073,0.007,0.0047,0.1861,0.0593,0.0957,ND,0.8138,0.0515,0.4292,0.4278,0.1256,ND,0.7682,0.4398,20.5054,2.4821,8.8996,7.6203,1.6256,0.2717,0.056,0.0666,0.0456
5-4OCT24,10/22/2024,4,DWDS,6.6298,4.0264,2.0124,1.061,0.0787,ND,ND,ND,0.041,0.0121,0.1962,0.1464,0.0091,0.0043,0.0027,0.4613,0.03,0.1589,ND,0.782,0.0134,0.2786,ND,0.0314,ND,0.5206,0.2643,14.9236,1.6017,6.143,5.1193,1.3722,0.2253,0.0596,0.068,0.0748
5-5OCT24,10/22/2024,4,POE,14.1391,8.0063,3.3966,ND,0.0642,0.2345,0.1759,ND,ND,0.0179,0.1615,0.1618,0.0295,0.0068,0.0042,0.6583,0.0285,0.2011,ND,0.8615,0.0242,0.1179,ND,0.0346,ND,0.5632,0.2908,13.9018,1.5492,5.9413,4.8815,1.2724,0.2138,0.0506,0.0738,0.0719
5-6OCT24,10/22/2024,4,S,,,,,,,,,,,,,,,,,,,,,,,,,,,,,,,,,,,,
5-8OCT24,10/22/2024,4,,,,,,,,,,,,,,,,,,,,,,,,,,,,,,,,,,,,,
6-1OCT24,10/21/2024,4,DWDS,85.3318,10.1149,1.6891,ND,0.7675,0.196,ND,ND,ND,ND,0.1282,0.0922,0.0463,0.0113,0.0334,0.1532,0.0455,0.0177,ND,0.0713,2.1568,0.2588,0.1074,0.2633,0.1459,0.8439,0.6305,32.7327,0.7619,17.3728,6.2225,1.3667,0.1077,0.0687,0.0725,0.1102
6-2OCT24,10/21/2024,4,DWDS,31.0883,6.153,1.2977,ND,1.017,2.8537,0.0953,ND,ND,ND,0.1243,0.0984,1.4337,0.0267,0.0334,0.9968,0.0253,0.0702,0.0236,0.1277,1.1276,0.3986,0.0938,0.1321,0.173,0.6625,0.5853,19.0976,0.7873,10.8984,5.604,0.3676,0.0674,0.0561,0.0691,ND
6-3OCT24,10/21/2024,4,DWDS,26.0226,5.7436,1.2126,ND,0.9017,3.6352,ND,ND,ND,ND,0.1278,0.0905,1.8406,0.0275,0.0354,0.9782,0.0356,0.0709,0.0307,0.1345,1.01,0.4084,0.0855,0.133,0.189,0.6101,0.492,17.7455,0.7326,10.5987,7.1466,0.7154,0.0228,0.057,0.0801,0.0618
6-4OCT24,10/21/2024,4,DWDS,33.6382,6.5876,1.3391,ND,0.8311,3.1493,0.115,ND,ND,ND,0.1955,0.1079,1.815,0.0319,0.0379,1.0359,0.0174,0.072,0.0374,0.1294,1.2563,0.3972,0.1051,0.125,0.1585,0.9002,0.5126,20.5432,0.443,11.8638,3.9592,ND,ND,0.0543,0.0747,ND
6-5OCT24,10/21/2024,4,POE,8.0783,2.769,0.8074,ND,0.6753,4.0614,0.1326,ND,ND,ND,0.1076,0.1234,1.0204,0.013,0.0196,0.4755,0.02,0.0494,0.0147,0.0972,0.3941,0.4217,ND,0.0333,0.1646,0.3895,0.3839,8.6509,0.6429,4.038,3.2633,0.8551,0.1136,0.0337,0.0706,ND
6-6OCT24,10/21/2024,4,S,,,,,,,,,,,,,,,,,,,,,,,,,,,,,,,,,,,,
6-8OCT24,10/21/2024,4,,,,,,,,,,,,,,,,,,,,,,,,,,,,,,,,,,,,,
7-1 Round 4,,4,DWDS,14.0524,1.1844,0.1213,ND,0.087,ND,0.0559,ND,ND,ND,0.1366,0.1984,0.057,0.0031,0.0055,0.5285,0.0392,0.0105,ND,0.0161,0.0636,1.0672,ND,0.1045,0.0623,3.9449,0.1058,28.1334,0.5709,15.4941,1.0198,0.7278,0.0289,0.0401,0.0831,ND
7-2 Round 4,,4,DWDS,11.7013,1.2196,0.1325,0.0782,0.0785,ND,0.0427,ND,ND,ND,0.1441,0.168,0.0276,0.0036,0.0059,0.4142,0.0279,0.0117,ND,0.0148,0.0489,1.6781,ND,0.0798,0.0873,2.8845,0.1328,21.3459,0.5955,12.231,1.0374,0.725,0.0348,0.0349,0.0855,ND
7-3 Round 4,,4,DWDS,14.7754,1.4242,0.1456,1.7382,0.0894,ND,0.0452,ND,ND,ND,0.1514,0.2127,0.0518,0.0041,0.0055,0.5841,0.083,0.013,ND,0.0168,0.0668,1.0595,ND,0.0949,0.0515,1.188,0.1329,16.2522,0.5917,12.9266,0.9712,0.7161,0.0345,0.0507,0.0917,0.0826
7-4 Round 4,,4,DWDS,13.0633,1.2737,0.1325,1.493,0.0681,ND,0.0377,ND,ND,0.0113,0.1517,0.2006,0.0397,0.0047,0.0083,0.5281,0.1257,0.0115,ND,0.0122,0.0673,2.1339,ND,0.0937,0.048,0.6621,0.0858,15.9355,0.569,12.2601,0.9393,0.6633,0.031,0.042,0.081,0.0671
7-5 Round 4,,4,S,,,,,,,,,,,,,,,,,,,,,,,,,,,,,,,,,,,,
7-6 Round 4,,4,POE,14.3727,1.0569,0.0989,0.299,0.0936,0.0758,0.0459,ND,ND,ND,0.11,0.2015,0.2247,0.0033,0.0047,0.5986,0.0239,0.0092,ND,0.0115,0.0483,0.562,ND,0.1174,0.0674,0.5267,0.1182,20.9862,0.5559,18.4533,0.9705,0.6553,0.0235,0.0239,0.0687,0.0575
7-8 Round 4,,4,,,,,,,,,,,,,,,,,,,,,,,,,,,,,,,,,,,,,
8-1NOV24,11/19/2014,4,POE,0.5196,1.878,5.1685,9.0661,0.0652,7.8374,0.11,0.0259,ND,ND,0.0978,0.0099,0.0469,0.0126,0.0132,0.0419,0.0401,0.0403,0.0111,1.4213,0.0015,4.3791,ND,ND,0.1157,ND,0.4679,0.8997,2.5423,0.1845,1.4138,0.3071,0.3682,0.3899,0.1078,0.0936
8-2NOV24,11/19/2014,4,DWDS,0.905,3.0695,7.9307,12.8801,0.0783,6.0856,0.1591,0.0323,0.0285,ND,0.1528,0.011,0.0396,0.0205,0.0206,0.0592,0.0476,0.07,0.0129,1.8292,0.0021,0.4385,0.0747,ND,0.0888,ND,0.4727,1.2237,3.0551,0.1996,1.7151,0.3399,0.4074,0.4501,0.0684,0.0784
8-3NOV24,11/19/2014,4,DWDS,4.8244,10.0937,15.7419,12.4477,0.0744,0.8826,0.1309,0.0326,0.1814,0.0108,0.0929,0.0064,0.0207,0.0102,0.0131,0.0462,0.0594,0.0504,0.0113,0.8726,0.0031,0.4805,0.1423,0.0125,0.3144,ND,0.5814,2.9381,5.0206,0.6117,3.7316,0.562,0.4847,0.525,0.0585,0.0873
8-4NOV24,11/19/2014,4,DWDS,NA,NA,NA,NA,NA,NA,NA,NA,NA,NA,NA,NA,NA,NA,NA,NA,NA,NA,NA,NA,NA,NA,NA,NA,NA,ND,0.4862,2.5636,4.2542,0.5455,3.1703,0.5891,0.5203,0.546,0.0611,0.072
8-5NOV24,11/19/2014,4,POE,1.0378,2.9071,6.7013,12.2096,0.0631,1.138,0.0955,0.0174,0.0207,0.0064,0.0367,0.0054,0.0134,0.0033,0.0049,0.0648,0.0394,0.1201,0.0106,3.4677,0.0026,0.2934,0.0519,ND,0.0983,ND,0.4346,1.0746,3.1801,0.1401,1.6736,0.2363,0.268,0.4122,0.0574,ND
8-6NOV24,11/19/2014,4,DWDS,2.6531,8.5324,19.0262,21.9507,0.0575,0.3869,0.1225,0.0249,0.2059,ND,0.1751,0.0112,0.0121,0.019,0.0255,0.0302,0.0927,0.0298,0.013,1.7593,0.0054,0.4691,0.1221,0.0037,0.622,ND,0.7177,1.852,6.4067,0.3201,3.1352,0.3764,0.497,0.9122,0.0737,ND
8-7NOV24,11/19/2014,4,S,,,,,,,,,,,,,,,,,,,,,,,,,,,,,,,,,,,,
8-8NOV24,11/19/2014,4,S,,,,,,,,,,,,,,,,,,,,,,,,,,,,,,,,,,,,
8-10NOV24,11/19/2014,4,,,,,,,,,,,,,,,,,,,,,,,,,,,,,,,,,,,,,
9-1OCT24,,4,DWDS,74.0832,23.8896,6.0739,0.7309,0.0897,0.0775,0.0839,ND,0.4038,0.0298,0.3873,0.1494,0.0121,0.0145,0.01,0.2502,0.0692,0.092,ND,0.5044,0.2211,0.4579,0.3559,0.2115,ND,1.2141,0.5735,57.4572,2.3568,15.9657,12.9492,1.6214,0.1972,0.0424,0.0891,0.1063
9-2OCT24,,4,POE,65.9131,25.6083,7.2099,0.5126,0.0761,1.1767,0.0978,ND,0.0869,0.0567,0.395,0.1961,0.2007,0.0171,0.0088,2.9277,0.0363,0.6894,ND,1.7919,0.2987,0.2281,0.2325,0.1871,ND,0.8239,0.5127,38.1089,2.3658,13.8992,10.5793,2.1722,0.2927,0.0648,0.072,0.132
9-3OCT24,,4,S,,,,,,,,,,,,,,,,,,,,,,,,,,,,,,,,,,,,
9-5OCT24,,4,,,,,,,,,,,,,,,,,,,,,,,,,,,,,,,,,,,,,
,,,,,,,,,,,,,,,,,,,,,,,,,,,,,,,,,,,,,,,
,,,,,,,,,,,,,,,,,,,,,,,,,,,,,,,,,,,,,,,
2-1 Round 5,,5,DWDS,,,,,,,,,,,,,,,,,,,,,,,,,,,,,,,,,,,,
2-2 Round 5,,5,DWDS,,,,,,,,,,,,,,,,,,,,,,,,,,,,,,,,,,,,
2-3 Round 5,,5,DWDS,,,,,,,,,,,,,,,,,,,,,,,,,,,,,,,,,,,,
2-4 Round 5,,5,DWDS,,,,,,,,,,,,,,,,,,,,,,,,,,,,,,,,,,,,
2-5 Round 5,,5,POE,,,,,,,,,,,,,,,,,,,,,,,,,,,,,,,,,,,,
2-6 Round 5,,5,S,,,,,,,,,,,,,,,,,,,,,,,,,,,,,,,,,,,,
2-8 Round 5,,5,,,,,,,,,,,,,,,,,,,,,,,,,,,,,,,,,,,,,
3-1 Round 5,,5,DWDS,,,,,,,,,,,,,,,,,,,,,,,,,,,,,,,,,,,,
3-2 Round 5,,5,DWDS,,,,,,,,,,,,,,,,,,,,,,,,,,,,,,,,,,,,
3-3 Round 5,,5,DWDS,,,,,,,,,,,,,,,,,,,,,,,,,,,,,,,,,,,,
3-4 Round 5,,5,DWDS,,,,,,,,,,,,,,,,,,,,,,,,,,,,,,,,,,,,
3-5 Round 5,,5,POE,,,,,,,,,,,,,,,,,,,,,,,,,,,,,,,,,,,,
3-6 Round 5,,5,S,,,,,,,,,,,,,,,,,,,,,,,,,,,,,,,,,,,,
3-8 Round 5,,5,,,,,,,,,,,,,,,,,,,,,,,,,,,,,,,,,,,,,
4-1 Round 5,,5,DWDS,,,,,,,,,,,,,,,,,,,,,,,,,,,,,,,,,,,,
4-2 Round 5,,5,DWDS,,,,,,,,,,,,,,,,,,,,,,,,,,,,,,,,,,,,
4-3 Round 5,,5,DWDS,,,,,,,,,,,,,,,,,,,,,,,,,,,,,,,,,,,,
4-4 Round 5,,5,DWDS,,,,,,,,,,,,,,,,,,,,,,,,,,,,,,,,,,,,
4-5 Round 5,,5,POE,,,,,,,,,,,,,,,,,,,,,,,,,,,,,,,,,,,,
4-6 Round 5,,5,S,,,,,,,,,,,,,,,,,,,,,,,,,,,,,,,,,,,,
4-8 Round 5,,5,,,,,,,,,,,,,,,,,,,,,,,,,,,,,,,,,,,,,
5-1 Round 5,,5,DWDS,,,,,,,,,,,,,,,,,,,,,,,,,,,,,,,,,,,,
5-2 Round 5,,5,DWDS,,,,,,,,,,,,,,,,,,,,,,,,,,,,,,,,,,,,
5-3 Round 5,,5,DWDS,,,,,,,,,,,,,,,,,,,,,,,,,,,,,,,,,,,,
5-4 Round 5,,5,DWDS,,,,,,,,,,,,,,,,,,,,,,,,,,,,,,,,,,,,
5-5 Round 5,,5,POE,,,,,,,,,,,,,,,,,,,,,,,,,,,,,,,,,,,,
5-6 Round 5,,5,S,,,,,,,,,,,,,,,,,,,,,,,,,,,,,,,,,,,,
5-8 Round 5,,5,,,,,,,,,,,,,,,,,,,,,,,,,,,,,,,,,,,,,
6-1FEB25,2/13/2025,5,DWDS,,,,,,,,,,,,,,,,,,,,,,,,,,,,,,,,,,,,
6-2FEB25,2/13/2025,5,DWDS,,,,,,,,,,,,,,,,,,,,,,,,,,,,,,,,,,,,
6-3FEB25,2/13/2025,5,DWDS,,,,,,,,,,,,,,,,,,,,,,,,,,,,,,,,,,,,
6-4FEB25,2/13/2025,5,DWDS,,,,,,,,,,,,,,,,,,,,,,,,,,,,,,,,,,,,
6-5FEB25,2/13/2025,5,POE,,,,,,,,,,,,,,,,,,,,,,,,,,,,,,,,,,,,
6-6FEB25,2/13/2025,5,S,,,,,,,,,,,,,,,,,,,,,,,,,,,,,,,,,,,,
6-8FEB25,2/13/2025,5,,,,,,,,,,,,,,,,,,,,,,,,,,,,,,,,,,,,,
7-1 Round 5,,5,DWDS,,,,,,,,,,,,,,,,,,,,,,,,,,,,,,,,,,,,
7-2 Round 5,,5,DWDS,,,,,,,,,,,,,,,,,,,,,,,,,,,,,,,,,,,,
7-3 Round 5,,5,DWDS,,,,,,,,,,,,,,,,,,,,,,,,,,,,,,,,,,,,
7-4 Round 5,,5,DWDS,,,,,,,,,,,,,,,,,,,,,,,,,,,,,,,,,,,,
7-5 Round 5,,5,S,,,,,,,,,,,,,,,,,,,,,,,,,,,,,,,,,,,,
7-6 Round 5,,5,POE,,,,,,,,,,,,,,,,,,,,,,,,,,,,,,,,,,,,
7-8 Round 5,,5,,,,,,,,,,,,,,,,,,,,,,,,,,,,,,,,,,,,,
8-1 Round 5,,5,POE,,,,,,,,,,,,,,,,,,,,,,,,,,,,,,,,,,,,
8-2 Round 5,,5,DWDS,,,,,,,,,,,,,,,,,,,,,,,,,,,,,,,,,,,,
8-3 Round 5,,5,DWDS,,,,,,,,,,,,,,,,,,,,,,,,,,,,,,,,,,,,
8-4 Round 5,,5,DWDS,,,,,,,,,,,,,,,,,,,,,,,,,,,,,,,,,,,,
8-5 Round 5,,5,POE,,,,,,,,,,,,,,,,,,,,,,,,,,,,,,,,,,,,
8-6 Round 5,,5,DWDS,,,,,,,,,,,,,,,,,,,,,,,,,,,,,,,,,,,,
8-7 Round 5,,5,S,,,,,,,,,,,,,,,,,,,,,,,,,,,,,,,,,,,,
8-8 Round 5,,5,S,,,,,,,,,,,,,,,,,,,,,,,,,,,,,,,,,,,,
8-10 Round 5,,5,,,,,,,,,,,,,,,,,,,,,,,,,,,,,,,,,,,,,
9-1 Round 5,,5,DWDS,,,,,,,,,,,,,,,,,,,,,,,,,,,,,,,,,,,,
9-2 Round 5,,5,POE,,,,,,,,,,,,,,,,,,,,,,,,,,,,,,,,,,,,
9-3 Round 5,,5,S,,,,,,,,,,,,,,,,,,,,,,,,,,,,,,,,,,,,
9-5 Round ,,5,,,,,,,,,,,,,,,,,,,,,,,,,,,,,,,,,,,,,
